# --- Sample dataset

# --- !Ups

insert into category (id,name) values ( 1,'Shoes' );
insert into category (id,name) values ( 2,'Jerseys' );
insert into category (id,name) values ( 3,'Shorts & Tracksuit-Bottoms' );
insert into category (id,name) values ( 4,'T-Shirts' );
insert into category (id,name) values ( 5,'Jumpers' );
insert into category (id,name) values ( 6,'Hats' );
insert into category (id,name) values ( 7,'Coaching Equipment' ); 
insert into category (id,name) values ( 8,'Miscellaneous' ); 
insert into category (id,name) values ( 9,'Mens'); 
insert into category (id,name) values ( 10,'Womens');

insert into supplier (id,name, email, number) values (1,'ABC Product Supplier','customer@products.com', '0855436782');

insert into product (id,name,description,stock,price,supplier_price,supplier_id, amount_sold, rating) values ( 1,'Nike',' Black Basketball Hoop T-shirt',50,40.00,13.00, 1 ,0,4.0);
insert into product (id,name,description,stock,price,supplier_price,supplier_id, amount_sold, rating) values ( 2,'Nike',' Bring Your Game T-shirt',50,35.00,10.00, 1 ,0,4.5);
insert into product (id,name,description,stock,price,supplier_price,supplier_id, amount_sold, rating) values ( 3,'Nike','Mens Black & White T-shirt',50,35.00, 9.00, 1 ,0,4.0);
insert into product (id,name,description,stock,price,supplier_price,supplier_id, amount_sold, rating) values ( 4,'Nike','Good Things Come In Threes T-shirt',50,40.00,10.00, 1 ,0,5.0);
insert into product (id,name,description,stock,price,supplier_price,supplier_id, amount_sold, rating) values ( 5,'Nike','Kobe Bryant Black T-shirt',50,26.00,7.00, 1 ,0,4.0);
insert into product (id,name,description,stock,price,supplier_price,supplier_id, amount_sold, rating) values ( 6,'Nike','Kobe Bryant Grey T-shirt',50,30.00 ,15.00, 1,0,4.0);
insert into product (id,name,description,stock,price,supplier_price,supplier_id, amount_sold, rating) values ( 7,'Nike','Lebron James Grey T-shirt',50,35.00,14.00, 1 ,0,4.0);
insert into product (id,name,description,stock,price,supplier_price,supplier_id, amount_sold, rating) values ( 8,'Jordan','Air Jordan Grey T-shirt',50,26.00,12.00, 1 ,0,3.0);
insert into product (id,name,description,stock,price,supplier_price,supplier_id, amount_sold, rating) values ( 9,'Jordan','Air Jordan Black T-shirt',50,30.00,11.00, 1 ,0,5.0);
insert into product (id,name,description,stock,price,supplier_price,supplier_id, amount_sold, rating) values ( 10,'Jordan','Air Jordan Engineered For Flight T-shirt',50,35.00 ,10.00, 1,0,4.5);
insert into product (id,name,description,stock,price,supplier_price,supplier_id, amount_sold, rating) values ( 11,'Jordan','Air Jordan Long Sleeve T-shirt',50,45.00,18.00, 1 ,0, 3.5);
insert into product (id,name,description,stock,price,supplier_price,supplier_id, amount_sold, rating) values ( 12,'Jordan','Air Jordan No Excuses T-shirt',50,30.00,16.00,1 ,0 ,5);
insert into product (id,name,description,stock,price,supplier_price,supplier_id, amount_sold, rating) values ( 13,'Adidas ','James Harden Black T-shirt',5,30.00,15.00, 1 ,0,0);
insert into product (id,name,description,stock,price,supplier_price,supplier_id, amount_sold, rating) values ( 14,'Adidas','James Harden Black T-shirt',5,30.00,8.00, 1 ,0,0);
insert into product (id,name,description,stock,price,supplier_price,supplier_id, amount_sold, rating) values ( 15,'Adidas',  'Black & white Tank-top',5,30.00,12.00, 1 ,0,0);
insert into product (id,name,description,stock,price,supplier_price,supplier_id, amount_sold, rating) values ( 16,'Adidas','Red Compression T-shirt ',5,30.00,10.00, 1 ,0,0);

insert into product (id,name,description,stock,price,supplier_price,supplier_id, amount_sold, rating) values ( 17,'Adidas','Blue Compression T-shirt ',5,30.00,12.00, 1 ,0,0);
insert into product (id,name,description,stock,price,supplier_price,supplier_id, amount_sold, rating) values ( 18,'Under Armour ','Grey & Red T-shirt ',5,30.00,13.00, 1 ,0,0);
 insert into product (id,name,description,stock,price,supplier_price,supplier_id, amount_sold, rating) values ( 19,'Under Armour ','Long sleeve T-shirt ',5,30.00,10.00, 1 ,0,0);
 insert into product (id,name,description,stock,price,supplier_price,supplier_id, amount_sold, rating) values ( 20,'Under Armour ','Dark Grey T-shirt ',5,30.00,11.00, 1 ,0,0);
 insert into product (id,name,description,stock,price,supplier_price,supplier_id, amount_sold, rating) values ( 21,'Under Armour ','Red Compression t-shirt ',5,30.00,12.00, 1 ,0,0);
 insert into product (id,name,description,stock,price,supplier_price,supplier_id, amount_sold, rating) values ( 22,'Under Armour ','Black Long sleeve Compression T-shirt ',5,30.00,10.00, 1 ,0,0);
 insert into product (id,name,description,stock,price,supplier_price,supplier_id, amount_sold, rating) values ( 23,'Nike','Red Basketball T-shirt ',5,30.00,14.00, 1 ,0,0);
 insert into product (id,name,description,stock,price,supplier_price,supplier_id, amount_sold, rating) values ( 24,'Nike','Grey Basketball T-shirt ',5,30.00,10.00, 1 ,0,0);
 insert into product (id,name,description,stock,price,supplier_price,supplier_id, amount_sold, rating) values ( 25,'Nike','Black Just Do It T-shirt ',5,30.00,8.00, 1 ,0,0);
 insert into product (id,name,description,stock,price,supplier_price,supplier_id, amount_sold, rating) values ( 26,'Nike','Blue Just Do It T-shirt ',5,30.00,9.00, 1 ,0,0);
 insert into product (id,name,description,stock,price,supplier_price,supplier_id, amount_sold, rating) values ( 27,'Nike','Blue Basketball T-shirt ',5,30.00,7.00, 1 ,0,0);
 insert into product (id,name,description,stock,price,supplier_price,supplier_id, amount_sold, rating) values ( 28,'Nike','White Basketball T-shirt ',5,30.00, 11.00, 1 ,0,0);
 insert into product (id,name,description,stock,price,supplier_price,supplier_id, amount_sold, rating) values ( 29,'Jordan','Jumpman Basketball T-shirt ',5,30.00,12.00, 1 ,0,0);
 insert into product (id,name,description,stock,price,supplier_price,supplier_id, amount_sold, rating) values ( 30,'Jordan','Teal Basketball T-shirt ',5,30.00,9.00, 1 ,0,0);
 insert into product (id,name,description,stock,price,supplier_price,supplier_id, amount_sold, rating) values ( 31,'Jordan','Brand of Flight T-shirt ',5,30.00,9.00, 1 ,0,0);
 insert into product (id,name,description,stock,price,supplier_price,supplier_id, amount_sold, rating) values ( 32,'Jordan','Red elephant print T-shirt ',5,30.00,7.00, 1 ,0,0);
 insert into product (id,name,description,stock,price,supplier_price,supplier_id, amount_sold, rating) values ( 33,'Nike','KYRIE 3 University Red/Team Red/Black ',5,122.00,40.00, 1 ,0,0);
 insert into product (id,name,description,stock,price,supplier_price,supplier_id, amount_sold, rating) values ( 34,'Nike','PG1 Ivory/Gum Light Brown/Vivid Sky/Oatmeal ',5,110.00,20.00, 1 ,0,0);
 insert into product (id,name,description,stock,price,supplier_price,supplier_id, amount_sold, rating) values ( 35,'Adidas','Multi-Colored T-shirt ',5,30.00,10.00, 1 ,0,0);
 insert into product (id,name,description,stock,price,supplier_price,supplier_id, amount_sold, rating) values ( 36,'Adidas','White Basketball T-shirt ',5,30.00,11.00, 1 ,0,0);
 insert into product (id,name,description,stock,price,supplier_price,supplier_id, amount_sold, rating) values ( 37,'Adidas','Grey Basketball T-shirt ',5,30.00,6.00, 1 ,0,0);
 insert into product (id,name,description,stock,price,supplier_price,supplier_id, amount_sold, rating) values ( 38,'Adidas','Black Basketball T-shirt ',5,30.00,8.00, 1 ,0,0);
 insert into product (id,name,description,stock,price,supplier_price,supplier_id, amount_sold, rating) values ( 39,'Under Armour','Black Basketball T-shirt',5,30.00,12.00, 1 ,0,0);
 insert into product (id,name,description,stock,price,supplier_price,supplier_id, amount_sold, rating) values ( 40,'Under Armour','Red Basketball T-shirt',5,30.00,8.00, 1 ,0,0);
insert into product (id,name,description,stock,price,supplier_price,supplier_id, amount_sold, rating) values ( 42,'Under Armour','Blue long sleeve T-shirt ',50,40.00, 10.00, 1 ,0,0);
insert into product (id,name,description,stock,price,supplier_price,supplier_id, amount_sold, rating) values ( 43,'Under Armour','Pink Basketball T-shirt ',50,30.00, 12.00, 1 ,0,0);
insert into product (id,name,description,stock,price,supplier_price,supplier_id, amount_sold, rating) values ( 44,'Nike','Black & white Basketball Shorts ',50,35.00, 10.00,1 ,0,0);
insert into product (id,name,description,stock,price,supplier_price,supplier_id, amount_sold, rating) values ( 45,'Under Armour','Black Basketball Shorts ',50,35.00, 10.00, 1 ,0,0);
insert into product (id,name,description,stock,price,supplier_price,supplier_id, amount_sold, rating) values ( 46,'Nike','Red & Black Basketball Shorts ',50,30.00, 8.00,1 ,0,0);
insert into product (id,name,description,stock,price,supplier_price,supplier_id, amount_sold, rating) values ( 47,'Under Armour','Black & Yellow Basketball Shorts ',50,40.00, 15.00, 1 ,0,0);
insert into product (id,name,description,stock,price,supplier_price,supplier_id, amount_sold, rating) values ( 48,'Nike','Black Basketball Shorts ',50,45.00, 18.00, 1 ,0,0);
insert into product (id,name,description,stock,price,supplier_price,supplier_id, amount_sold, rating) values ( 49,'Under Armour','Red Basketball Shorts ',50,45.00,18.00, 1 ,0,0);
insert into product (id,name,description,stock,price,supplier_price,supplier_id, amount_sold, rating) values ( 50,'Under Armour','Black Basketball Shorts ',50,30.00,8.00, 1 ,0,0);
insert into product (id,name,description,stock,price,supplier_price,supplier_id, amount_sold, rating) values ( 51,'Adidas','Blue Basketball Shorts ',50,26.00, 8.00, 1 ,0,0);
insert into product (id,name,description,stock,price,supplier_price,supplier_id, amount_sold, rating) values ( 52,'Adidas','Red Basketball Shorts ',50,30.00, 11.00, 1 ,0,0);
insert into product (id,name,description,stock,price,supplier_price,supplier_id, amount_sold, rating) values ( 53,'Adidas','Orange Basketball Shorts ',50,40.00, 12.00, 1 ,0,0);
insert into product (id,name,description,stock,price,supplier_price,supplier_id, amount_sold, rating) values ( 54,'Adidas','Dark Blue Basketball Shorts ',50,35.00, 10.00, 1 ,0,0);
insert into product (id,name,description,stock,price,supplier_price,supplier_id, amount_sold, rating) values ( 55,'Adidas','Black Basketball Shorts ',50,35.00, 10.00, 1 ,0,0);
insert into product (id,name,description,stock,price,supplier_price,supplier_id, amount_sold, rating) values ( 56,'Jordan','Grey Basketball Shorts ',50,26.00, 8.00, 1 ,0,0);
insert into product (id,name,description,stock,price,supplier_price,supplier_id, amount_sold, rating) values ( 57,'Jordan','Blue Basketball Shorts ',50,35.00, 10.00, 1 ,0,0);
insert into product (id,name,description,stock,price,supplier_price,supplier_id, amount_sold, rating) values ( 58,'Jordan','Red & Black Basketball Shorts ',50,35.00, 10.00, 1 ,0,0);
insert into product (id,name,description,stock,price,supplier_price,supplier_id, amount_sold, rating) values ( 59,'Jordan','Grey & Black Basketball Shorts ',50,35.00, 12.00, 1 ,0,0);
insert into product (id,name,description,stock,price,supplier_price,supplier_id, amount_sold, rating) values ( 60,'Jordan','Black Basketball Shorts ',50,40.00, 15.00, 1 ,0,0);
insert into product (id,name,description,stock,price,supplier_price,supplier_id, amount_sold, rating) values ( 61,'Jordan','Black Basketball Shorts ',50,45.00, 18.00, 1 ,0,0);
insert into product (id,name,description,stock,price,supplier_price,supplier_id, amount_sold, rating) values ( 62,'Nike','Red Basketball Shorts ',50,26.00, 8.00, 1 ,0,0);
insert into product (id,name,description,stock,price,supplier_price,supplier_id, amount_sold, rating) values ( 63,'Nike','Black Basketball Shorts ',50,35.00, 10.00, 1 ,0,0);
insert into product (id,name,description,stock,price,supplier_price,supplier_id, amount_sold, rating) values ( 64,'Nike','Black Basketball Shorts ',50,35.00, 10.00, 1 ,0,0);
insert into product (id,name,description,stock,price,supplier_price,supplier_id, amount_sold, rating) values ( 65,'Nike','Blue Basketball Shorts ',50,40.00, 15.00, 1 ,0,0);
insert into product (id,name,description,stock,price,supplier_price,supplier_id, amount_sold, rating) values ( 66,'Nike','Red Basketball Shorts ',50,45.00, 18.00, 1 ,0,0);
insert into product (id,name,description,stock,price,supplier_price,supplier_id, amount_sold, rating) values ( 67,'Nike','Grey Basketball Shorts ',50,26.00, 8.00, 1 ,0,0);
insert into product (id,name,description,stock,price,supplier_price,supplier_id, amount_sold, rating) values ( 68,'Nike','White Basketball Shorts ',50,35.00, 10.00, 1 ,0,0);
insert into product (id,name,description,stock,price,supplier_price,supplier_id, amount_sold, rating) values ( 69,'Nike','Black Basketball Shorts ',50,40.00, 12.00, 1 ,0,0);
insert into product (id,name,description,stock,price,supplier_price,supplier_id, amount_sold, rating) values ( 70,'Nike','Blue Basketball Shorts ',50,30.00, 8.00, 1 ,0,0);
insert into product (id,name,description,stock,price,supplier_price,supplier_id, amount_sold, rating) values ( 71,'Adidas','Orange Basketball Shorts ',50,26.00, 8.00, 1 ,0,0);
insert into product (id,name,description,stock,price,supplier_price,supplier_id, amount_sold, rating) values ( 72,'Adidas','Black Basketball Shorts ',50,26.00, 8.00, 1 ,0,0);
insert into product (id,name,description,stock,price,supplier_price,supplier_id, amount_sold, rating) values ( 73,'White','Black Basketball Shorts ',50,35.00, 10.00, 1 ,0,0);
insert into product (id,name,description,stock,price,supplier_price,supplier_id, amount_sold, rating) values ( 74,'Adidas','Black Basketball Shorts ',50,35.00, 10.00, 1 ,0,0);
insert into product (id,name,description,stock,price,supplier_price,supplier_id, amount_sold, rating) values ( 75,'Adidas','Grey Basketball Shorts ',50,35.00, 10.00, 1 ,0,0);
insert into product (id,name,description,stock,price,supplier_price,supplier_id, amount_sold, rating) values ( 76,'Under Armour','Black Basketball Shorts ',50,40.00, 15.00, 1 ,0,0);
insert into product (id,name,description,stock,price,supplier_price,supplier_id, amount_sold, rating) values ( 77,'Under Armour','Orange Basketball Shorts ',50,40.00, 15.00, 1 ,0,0);
insert into product (id,name,description,stock,price,supplier_price,supplier_id, amount_sold, rating) values ( 78,'Under Armour','Blue Basketball Shorts ',50,45.00, 20.00, 1 ,0,0);
insert into product (id,name,description,stock,price,supplier_price,supplier_id, amount_sold, rating) values ( 79,'Under Armour','Black Basketball Shorts ',50,45.00, 20.00,1 ,0,0);
insert into product (id,name,description,stock,price,supplier_price,supplier_id, amount_sold, rating) values ( 80,'Under Armour','Purple Basketball Shorts ',50,40.00, 15.00, 1 ,0,0);
insert into product (id,name,description,stock,price,supplier_price,supplier_id, amount_sold, rating) values ( 81,'Nike','Navy Paul George 1s ',50,110.00, 40.00, 1 ,0,0);
insert into product (id,name,description,stock,price,supplier_price,supplier_id, amount_sold, rating) values ( 82,'Nike','White Kyrie Irvings 2s ',50,122.00, 45.00, 1 ,0,0);
insert into product (id,name,description,stock,price,supplier_price,supplier_id, amount_sold, rating) values ( 83,'Nike','Burgundy Kyrie Irvings 2s ',50,122.00, 45.00, 1 ,0,0);
insert into product (id,name,description,stock,price,supplier_price,supplier_id, amount_sold, rating) values ( 84,'Nike','White & Blue KD 9s ',50,140.00, 50.00, 1 ,0,0);
insert into product (id,name,description,stock,price,supplier_price,supplier_id, amount_sold, rating) values ( 85,'Nike','Black KD 9s  ',50,140.00, 50.00, 1 ,0,0);
insert into product (id,name,description,stock,price,supplier_price,supplier_id, amount_sold, rating) values ( 86,'Nike','Red & White KD 9s  ',50,140.00, 50.00, 1 ,0,0);
insert into product (id,name,description,stock,price,supplier_price,supplier_id, amount_sold, rating) values ( 87,'Nike','Snake print Kobe 11s ',50,160.00, 60.00, 1 ,0,0);
insert into product (id,name,description,stock,price,supplier_price,supplier_id, amount_sold, rating) values ( 88,'Nike','Navy Kobe 11s ',50,160.00, 60.00, 1 ,0,0);
insert into product (id,name,description,stock,price,supplier_price,supplier_id, amount_sold, rating) values ( 89,'Nike','Red Kobe 11s ',50,155.00, 55.00, 1 ,0,0);
insert into product (id,name,description,stock,price,supplier_price,supplier_id, amount_sold, rating) values ( 90,'Jordan','Black Retro Jordan 12s ',50,180.00, 70.00, 1 ,0,0);
insert into product (id,name,description,stock,price,supplier_price,supplier_id, amount_sold, rating) values ( 91,'Jordan','Black & Red Jordan 6s ',50,180.00, 70.00, 1 ,0,0);
insert into product (id,name,description,stock,price,supplier_price,supplier_id, amount_sold, rating) values ( 92,'Jordan','Grey Jordan 6s ',50,200.00, 80.00, 1 ,0,0);
insert into product (id,name,description,stock,price,supplier_price,supplier_id, amount_sold, rating) values ( 93,'Jordan','Black & Red Jordan 6s ',50,200.00, 80.00, 1 ,0,0);
insert into product (id,name,description,stock,price,supplier_price,supplier_id, amount_sold, rating) values ( 94,'Jordan','Retro Black Jordan 7s  ',50,200.00, 80.00, 1 ,0,0);
insert into product (id,name,description,stock,price,supplier_price,supplier_id, amount_sold, rating) values ( 95,'Jordan','White Jordan 13s ',50,170.00, 65.00, 1 ,0,0);
insert into product (id,name,description,stock,price,supplier_price,supplier_id, amount_sold, rating) values ( 96,'Jordan','Black Jordan 13s ',50,170.00, 65.00, 1 ,0,0);
insert into product (id,name,description,stock,price,supplier_price,supplier_id, amount_sold, rating) values ( 97,'Adidas','White & Red James Harden 1s ',50,120.00, 45.00,1 ,0,0);
insert into product (id,name,description,stock,price,supplier_price,supplier_id, amount_sold, rating) values ( 98,'Adidas','Red Damian Lillard 2s ',50,130.00, 45.00, 1 ,0,0);
insert into product (id,name,description,stock,price,supplier_price,supplier_id, amount_sold, rating) values ( 99,'Adidas','Purple & Orange Damian Lillard 2s ',50,130.00, 45.00, 1 ,0,0);
insert into product (id,name,description,stock,price,supplier_price,supplier_id, amount_sold, rating) values ( 100,'Adidas','Purple & Orange James Harden 1s ',50,130.00, 45.00, 1 ,0,0);
insert into product (id,name,description,stock,price,supplier_price,supplier_id, amount_sold, rating) values ( 101,'Adidas','Adidas Basketball Purple Sport ',50,90.00, 30.00, 1 ,0,0);
insert into product (id,name,description,stock,price,supplier_price,supplier_id, amount_sold, rating) values ( 102,'Adidas','Adidas Rose 3.0 ',50,100.00, 35.00, 1 ,0,0);
insert into product (id,name,description,stock,price,supplier_price,supplier_id, amount_sold, rating) values ( 103,'Under Armour','Black & White Charged 3s ',50,110.00, 35.00, 1 ,0,0);
insert into product (id,name,description,stock,price,supplier_price,supplier_id, amount_sold, rating) values ( 104,'Under Armour','Navy & Red Sport ',50,120.00, 40.00, 1 ,0,0);
insert into product (id,name,description,stock,price,supplier_price,supplier_id, amount_sold, rating) values ( 105,'Under Armour','Black & Mint Green Charged',50,100.00, 35.00, 1 ,0,0);
insert into product (id,name,description,stock,price,supplier_price,supplier_id, amount_sold, rating) values ( 106,'Under Armour','Black & Red Charged 2s',50,110.00, 40.00, 1 ,0,0);
insert into product (id,name,description,stock,price,supplier_price,supplier_id, amount_sold, rating) values ( 107,'Under Armour','Black & White Charged 1s ',50,120.00, 40.00, 1 ,0,0);
insert into product (id,name,description,stock,price,supplier_price,supplier_id, amount_sold, rating) values ( 108,'Under Armour','Navy Low Charged 1s ',50,110.00, 40.00, 1 ,0,0);
insert into product (id,name,description,stock,price,supplier_price,supplier_id, amount_sold, rating) values ( 109,'Under Armour','Checker print Charged 3s ',50,120.00, 40.00, 1 ,0,0);
insert into product (id,name,description,stock,price,supplier_price,supplier_id, amount_sold, rating) values ( 110,'Nike','Barcelona Basketball Jersey  ',50,70.00,25.00, 1 ,0,0);
insert into product (id,name,description,stock,price,supplier_price,supplier_id, amount_sold, rating) values ( 111,'Nike','White Team USA Jersey',50,100.00, 35.00, 1 ,0,0);
insert into product (id,name,description,stock,price,supplier_price,supplier_id, amount_sold, rating) values ( 112,'Nike','Navy Team USA Jersey',50,100.00, 35.00, 1 ,0,0);
insert into product (id,name,description,stock,price,supplier_price,supplier_id, amount_sold, rating) values ( 113,'Nike','Green Team Brazil Jersey',50,80.00, 20.00, 1 ,0,0);
insert into product (id,name,description,stock,price,supplier_price,supplier_id, amount_sold, rating) values ( 114,'Jordan','North Carolina Basketball Jersey',50,90.00, 25.00, 1 ,0,0);
insert into product (id,name,description,stock,price,supplier_price,supplier_id, amount_sold, rating) values ( 115,'Nike','Kentucky Basketball Jersey  ',50,90.00, 25.00, 1 ,0,0);
insert into product (id,name,description,stock,price,supplier_price,supplier_id, amount_sold, rating) values ( 116,'Nike','Duke Basketball Jersey',50,70.00, 20.00, 1 ,0,0);
insert into product (id,name,description,stock,price,supplier_price,supplier_id, amount_sold, rating) values ( 117,'Nike','Arizona Basketball Jersey',50,60.00, 20.00, 1 ,0,0);
insert into product (id,name,description,stock,price,supplier_price,supplier_id, amount_sold, rating) values ( 118,'Adidas','Indiana Basketball Jersey',50,80.00,20.00, 1 ,0,0);
insert into product (id,name,description,stock,price,supplier_price,supplier_id, amount_sold, rating) values ( 119,'Nike','Florida Basketball Jersy',50,90.00, 20.00, 1 ,0,0);
insert into product (id,name,description,stock,price,supplier_price,supplier_id, amount_sold, rating) values ( 120,'Nike','Michigan Basketball Jersey',50,70.00, 20.00, 1 ,0,0);
insert into product (id,name,description,stock,price,supplier_price,supplier_id, amount_sold, rating) values ( 121,'Adidas','LA Lakers Basketball Jersey',50,85.00, 25.00, 1 ,0,0);
insert into product (id,name,description,stock,price,supplier_price,supplier_id, amount_sold, rating) values ( 122,'Adidas','Cleveland Basketball Jersey',50,85.00, 25.00, 1 ,0,0);
insert into product (id,name,description,stock,price,supplier_price,supplier_id, amount_sold, rating) values ( 123,'Adidas','Golden State Basketball Jersey',50,90.00, 25.00, 1 ,0,0);
insert into product (id,name,description,stock,price,supplier_price,supplier_id, amount_sold, rating) values ( 124,'Adidas','Washington Basketball Jersey',50,75.00, 20.00, 1 ,0,0);
insert into product (id,name,description,stock,price,supplier_price,supplier_id, amount_sold, rating) values ( 125,'Adidas','Dallas Basketball Jersey',50,70.00, 20.00, 1 ,0,0);
insert into product (id,name,description,stock,price,supplier_price,supplier_id, amount_sold, rating) values ( 126,'Adidas','New York Basketball Jersey',50,65.00, 20.00, 1 ,0,0);
insert into product (id,name,description,stock,price,supplier_price,supplier_id, amount_sold, rating) values ( 127,'Adidas','New York Basketball Jersey',50,65.00, 20.00,1 ,0,0);
insert into product (id,name,description,stock,price,supplier_price,supplier_id, amount_sold, rating) values ( 128,'Adidas','Houston Rockets Basketball Jersey',50,80.00, 30.00, 1 ,0,0);
insert into product (id,name,description,stock,price,supplier_price,supplier_id, amount_sold, rating) values ( 129,'Adidas','Washington Basketball Jersey',50,85.00,30.00, 1 ,0,0);
insert into product (id,name,description,stock,price,supplier_price,supplier_id, amount_sold, rating) values ( 130,'Adidas','Portland Basketball Jersey',50,90.00, 30.00, 1 ,0,0);
insert into product (id,name,description,stock,price,supplier_price,supplier_id, amount_sold, rating) values ( 131,'Adidas','East All-star Basketball Jersey',50,100.00,35.00, 1 ,0,0);
insert into product (id,name,description,stock,price,supplier_price,supplier_id, amount_sold, rating) values ( 132,'Adidas','West All-star Basketball Jersey',50,100.00, 35.00, 1 ,0,0);
insert into product (id,name,description,stock,price,supplier_price,supplier_id, amount_sold, rating) values ( 133,'Adidas','West All-star Basketball Jersey',50,100.00, 35.00,1 ,0,0);
insert into product (id,name,description,stock,price,supplier_price,supplier_id, amount_sold, rating) values ( 134,'Nike','Kobe Byrant Tracksuit bottoms',50,60.00, 15.00,1 ,0,0);
insert into product (id,name,description,stock,price,supplier_price,supplier_id, amount_sold, rating) values ( 135,'Nike','Black Tracksuit bottoms',50,55.00, 15.00, 1 ,0,0);
insert into product (id,name,description,stock,price,supplier_price,supplier_id, amount_sold, rating) values ( 136,'Nike','Kyrie Irving Tracksuit bottoms',50,65.00, 20.00, 1 ,0,0);
insert into product (id,name,description,stock,price,supplier_price,supplier_id, amount_sold, rating) values ( 137,'Nike','All-Black Tech Fleece bottoms',50,100.00,35.00, 1 ,0,0);
insert into product (id,name,description,stock,price,supplier_price,supplier_id, amount_sold, rating) values ( 138,'Nike','Turquoise Tech Fleece bottoms',50,100.00, 35.00, 1 ,0,0);
insert into product (id,name,description,stock,price,supplier_price,supplier_id, amount_sold, rating) values ( 139,'Nike','Grey Tech Fleece bottoms',50,100.00, 35.00, 1 ,0,0);
insert into product (id,name,description,stock,price,supplier_price,supplier_id, amount_sold, rating) values ( 140,'Nike','Black Fitted Tracksuit bottoms',50,60.00, 15.00, 1 ,0,0);
insert into product (id,name,description,stock,price,supplier_price,supplier_id, amount_sold, rating) values ( 141,'Nike','Grey Fitted Tracksuit bottoms',50,60.00, 15.00,1 ,0,0);
insert into product (id,name,description,stock,price,supplier_price,supplier_id, amount_sold, rating) values ( 142,'Jordan','Black Slim-Cuff Tracksuit bottoms',50,65.00, 20.00, 1 ,0,0);
insert into product (id,name,description,stock,price,supplier_price,supplier_id, amount_sold, rating) values ( 143,'Jordan','Navy Slim-fit Tracksuit bottoms',50,70.00, 20.00, 1 ,0,0);
insert into product (id,name,description,stock,price,supplier_price,supplier_id, amount_sold, rating) values ( 144,'Jordan','Grey Slim-fit Tracksuit bottoms',50,55.00, 15.00, 1 ,0,0);
insert into product (id,name,description,stock,price,supplier_price,supplier_id, amount_sold, rating) values ( 145,'Jordan','Dark Grey Tracksuit bottoms',50,60.00, 15.00, 1 ,0,0);
insert into product (id,name,description,stock,price,supplier_price,supplier_id, amount_sold, rating) values ( 146,'Jordan','Light Blue Tracksuit bottoms',50,65.00, 20.00,1 ,0,0);
insert into product (id,name,description,stock,price,supplier_price,supplier_id, amount_sold, rating) values ( 147,'Jordan','Red Logo Tracksuit bottoms',50,70.00,20.00, 1 ,0,0);
insert into product (id,name,description,stock,price,supplier_price,supplier_id, amount_sold, rating) values ( 148,'Jordan','Black Fitted Tracksuit bottoms',50,55.00, 15.00, 1 ,0,0);
insert into product (id,name,description,stock,price,supplier_price,supplier_id, amount_sold, rating) values ( 149,'Jordan','Grey Fitted Tracksuit bottoms',50,60.00, 20.00, 1 ,0,0);
insert into product (id,name,description,stock,price,supplier_price,supplier_id, amount_sold, rating) values ( 150,'Adidas','Grey & Black Tracksuit bottoms',50,50.00, 15.00, 1 ,0,0);
insert into product (id,name,description,stock,price,supplier_price,supplier_id, amount_sold, rating) values ( 151,'Adidas','Black & White Tracksuit bottoms',50,55.00, 15.00, 1 ,0,0);
insert into product (id,name,description,stock,price,supplier_price,supplier_id, amount_sold, rating) values ( 152,'Adidas','Burgundy Tracksuit bottoms',50,60.00, 20.00, 1 ,0,0);
insert into product (id,name,description,stock,price,supplier_price,supplier_id, amount_sold, rating) values ( 153,'Adidas','Navy Z.N.E bottoms',50,80.00, 25.00, 1 ,0,0);
insert into product (id,name,description,stock,price,supplier_price,supplier_id, amount_sold, rating) values ( 154,'Adidas','Grey Z.N.E bottoms',50,80.00, 25.00, 1 ,0,0);
insert into product (id,name,description,stock,price,supplier_price,supplier_id, amount_sold, rating) values ( 155,'Adidas','Black Tracksuit bottoms',50,50.00, 15.00, 1 ,0,0);
insert into product (id,name,description,stock,price,supplier_price,supplier_id, amount_sold, rating) values ( 156,'Adidas','Black Loose Fit bottoms',50,50.00, 15.00, 1 ,0,0);
insert into product (id,name,description,stock,price,supplier_price,supplier_id, amount_sold, rating) values ( 157,'Adidas','Navy Loose Fit bottoms',50,50.00, 15.00, 1 ,0,0);
insert into product (id,name,description,stock,price,supplier_price,supplier_id, amount_sold, rating) values ( 158,'Under Armour','Steph Curry Grey Tracksuit bottoms',50,65.00, 20.00, 1 ,0,0);
insert into product (id,name,description,stock,price,supplier_price,supplier_id, amount_sold, rating) values ( 159,'Under Armour','Steph Curry Black Tracksuit bottoms',50,65.00, 20.00, 1 ,0,0);
insert into product (id,name,description,stock,price,supplier_price,supplier_id, amount_sold, rating) values ( 160,'Under Armour','Black Fitted Tracksuit bottoms',50,55.00, 15.00, 1 ,0,0);
insert into product (id,name,description,stock,price,supplier_price,supplier_id, amount_sold, rating) values ( 161,'Under Armour','Steph Curry Navy Tracksuit bottoms',50,55.00, 15.00, 1 ,0,0);
insert into product (id,name,description,stock,price,supplier_price,supplier_id, amount_sold, rating) values ( 162,'Under Armour','Black & Grey Tracksuit bottoms',50,60.00, 20.00, 1 ,0,0);
insert into product (id,name,description,stock,price,supplier_price,supplier_id, amount_sold, rating) values ( 163,'Under Armour','Camo Tracksuit bottoms',50,65.00, 20.00, 1 ,0,0);
insert into product (id,name,description,stock,price,supplier_price,supplier_id, amount_sold, rating) values ( 164,'Under Armour','Black Loose Tracksuit bottoms',50,70.00, 20.00,1 ,0,0);
insert into product (id,name,description,stock,price,supplier_price,supplier_id, amount_sold, rating) values ( 165,'Under Armour','Black Slim-Fit Tracksuit bottoms',50,55.00, 15.00, 1 ,0,0);
insert into product (id,name,description,stock,price,supplier_price,supplier_id, amount_sold, rating) values ( 166,'Under Armour','Grey Slim-Fit Tracksuit bottoms',50,55.00, 15.00,1 ,0,0);
insert into product (id,name,description,stock,price,supplier_price,supplier_id, amount_sold, rating) values ( 167,'Nike','Black Tight-Fit Tracksuit bottoms',50,60.00, 20.00, 1 ,0,0);
insert into product (id,name,description,stock,price,supplier_price,supplier_id, amount_sold, rating) values ( 168,'Nike','Black Just Do It Leggings',50,55.00, 15.00, 1 ,0,0);
insert into product (id,name,description,stock,price,supplier_price,supplier_id, amount_sold, rating) values ( 169,'Nike','Navy Just Do It Leggings',50,55.00, 15.00, 1 ,0,0);
insert into product (id,name,description,stock,price,supplier_price,supplier_id, amount_sold, rating) values ( 170,'Nike','Grey Fitted Tracksuit bottoms',50,60.00, 20.00, 1 ,0,0);
insert into product (id,name,description,stock,price,supplier_price,supplier_id, amount_sold, rating) values ( 171,'Nike','Black Fitted Tracksuit bottoms',50,60.00, 20.00, 1 ,0,0);
insert into product (id,name,description,stock,price,supplier_price,supplier_id, amount_sold, rating) values ( 172,'Nike','Black 3/4 length Tracksuit bottoms',50,60.00, 20.00, 1 ,0,0);
insert into product (id,name,description,stock,price,supplier_price,supplier_id, amount_sold, rating) values ( 173,'Jordan','Grey Logo Tracksuit bottoms',50,55.00, 15.00, 1 ,0,0);
insert into product (id,name,description,stock,price,supplier_price,supplier_id, amount_sold, rating) values ( 174,'Jordan','Black Logo Tracksuit bottoms',50,65.00, 20.00,1 ,0,0);
insert into product (id,name,description,stock,price,supplier_price,supplier_id, amount_sold, rating) values ( 175,'Jordan','Grey Tracksuit bottoms',50,65.00, 20.00, 1 ,0,0);
insert into product (id,name,description,stock,price,supplier_price,supplier_id, amount_sold, rating) values ( 176,'Jordan','Grey Tracksuit bottoms',50,55.00, 15.00, 1 ,0,0);
insert into product (id,name,description,stock,price,supplier_price,supplier_id, amount_sold, rating) values ( 177,'Jordan','Black Tracksuit bottoms',50,50.00, 15.00, 1 ,0,0);
insert into product (id,name,description,stock,price,supplier_price,supplier_id, amount_sold, rating) values ( 178,'Adidas','Black & White Tracksuit bottoms',50,55.00, 15.00, 1 ,0,0);
insert into product (id,name,description,stock,price,supplier_price,supplier_id, amount_sold, rating) values ( 179,'Adidas','Black & Red Tracksuit bottoms',50,55.00, 15.00, 1 ,0,0);
insert into product (id,name,description,stock,price,supplier_price,supplier_id, amount_sold, rating) values ( 180,'Adidas','Grey & Black Tracksuit bottoms',50,60.00, 20.00,1 ,0,0);
insert into product (id,name,description,stock,price,supplier_price,supplier_id, amount_sold, rating) values ( 181,'Adidas','Burgundy Tracksuit bottoms',50,60.00, 20.00, 1 ,0,0);
insert into product (id,name,description,stock,price,supplier_price,supplier_id, amount_sold, rating) values ( 182,'Adidas','Black Tight Leggings ',50,55.00, 15.00, 1 ,0,0);
insert into product (id,name,description,stock,price,supplier_price,supplier_id, amount_sold, rating) values ( 183,'Under Armour','Black Tracksuit bottoms',50,60.00, 20.00,1 ,0,0);
insert into product (id,name,description,stock,price,supplier_price,supplier_id, amount_sold, rating) values ( 184,'Under Armour','Navy Tracksuit bottoms',50,65.00, 20.00, 1 ,0,0);
insert into product (id,name,description,stock,price,supplier_price,supplier_id, amount_sold, rating) values ( 185,'Under Armour','Grey Tracksuit bottoms',50,55.00, 15.00, 1 ,0,0);
insert into product (id,name,description,stock,price,supplier_price,supplier_id, amount_sold, rating) values ( 186,'Under Armour','Navy loose-Fit Tracksuit bottoms',50,60.00, 20.00, 1 ,0,0);
insert into product (id,name,description,stock,price,supplier_price,supplier_id, amount_sold, rating) values ( 187,'Under Armour','Black loose-Fit Tracksuit bottoms',50,55.00, 15.00,1 ,0,0);
insert into product (id,name,description,stock,price,supplier_price,supplier_id, amount_sold, rating) values ( 188,'Nike','Black Fitted Hoodie',50,70.00, 25.00, 1 ,0,0);
insert into product (id,name,description,stock,price,supplier_price,supplier_id, amount_sold, rating) values ( 189,'Nike','White Fitted Hoodie',50,65.00, 20.00, 1 ,0,0);
insert into product (id,name,description,stock,price,supplier_price,supplier_id, amount_sold, rating) values ( 190,'Nike','Grey Fitted Hoodie',50,65.00, 20.00,1 ,0,0);
insert into product (id,name,description,stock,price,supplier_price,supplier_id, amount_sold, rating) values ( 191,'Jordan','Black 23 Logo Hoodie',50,60.00, 20.00, 1 ,0,0);
insert into product (id,name,description,stock,price,supplier_price,supplier_id, amount_sold, rating) values ( 192,'Jordan','Grey 23 Logo Hoodie',50,60.00, 20.00, 1 ,0,0);
insert into product (id,name,description,stock,price,supplier_price,supplier_id, amount_sold, rating) values ( 193,'Nike','Blue Kyrie Irving Hoodie',50,90.00, 30.00, 1 ,0,0);
insert into product (id,name,description,stock,price,supplier_price,supplier_id, amount_sold, rating) values ( 194,'Nike','Grey Kyrie Irving Hoodie',50,85.00, 30.00, 1 ,0,0);
insert into product (id,name,description,stock,price,supplier_price,supplier_id, amount_sold, rating) values ( 195,'Nike','Dark Grey Kyrie Irving Hoodie',50,70.00, 20.00, 1 ,0,0);
insert into product (id,name,description,stock,price,supplier_price,supplier_id, amount_sold, rating) values ( 196,'Nike','Grey Light-Fitted Hoodie',50,30.00, 12.00, 1 ,0,0);
insert into product (id,name,description,stock,price,supplier_price,supplier_id, amount_sold, rating) values ( 197,'Nike','Turquoise Tech Fleece Hoodie',50,100.00, 35.00, 1 ,0,0);
insert into product (id,name,description,stock,price,supplier_price,supplier_id, amount_sold, rating) values ( 198,'Nike','Grey Tech Fleece Hoodie',50,100.00, 35.00, 1 ,0,0);
insert into product (id,name,description,stock,price,supplier_price,supplier_id, amount_sold, rating) values ( 199,'Nike','Black Tech Fleece Hoodie',50,100.00, 35.00, 1 ,0,0);
insert into product (id,name,description,stock,price,supplier_price,supplier_id, amount_sold, rating) values ( 200,'Jordan','Navy Fitted Hoodie',50,70.00, 20.00, 1 ,0,0);
insert into product (id,name,description,stock,price,supplier_price,supplier_id, amount_sold, rating) values ( 201,'Jordan','Grey Fitted Hoodie',50,70.00, 20.00, 1 ,0,0);
insert into product (id,name,description,stock,price,supplier_price,supplier_id, amount_sold, rating) values ( 202,'Jordan','Black Air Logo Hoodie',60,30.00, 8.00, 1 ,0,0);
insert into product (id,name,description,stock,price,supplier_price,supplier_id, amount_sold, rating) values ( 203,'Jordan','Grey Air logo Hoodie',50,80.00, 25.00, 1 ,0,0);
insert into product (id,name,description,stock,price,supplier_price,supplier_id, amount_sold, rating) values ( 204,'Jordan','Red Fitted Hoodie',50,60.00, 20.00, 1 ,0,0);
insert into product (id,name,description,stock,price,supplier_price,supplier_id, amount_sold, rating) values ( 205,'Jordan','Dark Grey Fitted Sweatshirt',50,70.00, 20.00, 1 ,0,0);
insert into product (id,name,description,stock,price,supplier_price,supplier_id, amount_sold, rating) values ( 206,'Jordan','Light Blue Fitted Sweatshirt',50,70.00, 20.00, 1 ,0,0);
insert into product (id,name,description,stock,price,supplier_price,supplier_id, amount_sold, rating) values ( 207,'Jordan','Grey Fitted Sweatshirt',50,65.00, 20.00, 1 ,0,0);
insert into product (id,name,description,stock,price,supplier_price,supplier_id, amount_sold, rating) values ( 208,'Adidas','Grey & Navy Hoodie',50,60.00, 20.00, 1 ,0,0);
insert into product (id,name,description,stock,price,supplier_price,supplier_id, amount_sold, rating) values ( 209,'Adidas','Turquoise Fitted Hoodie',50,60.00, 20.00, 1 ,0,0);
insert into product (id,name,description,stock,price,supplier_price,supplier_id, amount_sold, rating) values ( 210,'Adidas','Navy & White Hoodie',50,55.00, 15.00, 1 ,0,0);
insert into product (id,name,description,stock,price,supplier_price,supplier_id, amount_sold, rating) values ( 211,'Adidas','Black & White Hoodie',50,55.00, 15.00, 1 ,0,0);
insert into product (id,name,description,stock,price,supplier_price,supplier_id, amount_sold, rating) values ( 212,'Adidas','Grey Tech Fleece Hoodie',50,60.00, 20.00, 1 ,0,0);
insert into product (id,name,description,stock,price,supplier_price,supplier_id, amount_sold, rating) values ( 213,'Adidas','Grey Short Sleeve Fitted Hoodie',50,60.00, 20.00,1 ,0,0);
insert into product (id,name,description,stock,price,supplier_price,supplier_id, amount_sold, rating) values ( 214,'Adidas','Black Short Sleeve Fitted Hoodie',50,55.00, 15.00, 1 ,0,0);
insert into product (id,name,description,stock,price,supplier_price,supplier_id, amount_sold, rating) values ( 215,'Under Armour','White Steph Curry Hoodie',50,65.00, 20.00, 1 ,0,0);
insert into product (id,name,description,stock,price,supplier_price,supplier_id, amount_sold, rating) values ( 216,'Under Armour','Blue Fitted Hoodie',50,60.00, 20.00, 1 ,0,0);
insert into product (id,name,description,stock,price,supplier_price,supplier_id, amount_sold, rating) values ( 217,'Under Armour','Red Fitted Hoodie',50,60.00, 20.00, 1 ,0,0);
insert into product (id,name,description,stock,price,supplier_price,supplier_id, amount_sold, rating) values ( 218,'Under Armour','Navy Fitted Hoodie',50,65.00, 20.00, 1 ,0,0);
insert into product (id,name,description,stock,price,supplier_price,supplier_id, amount_sold, rating) values ( 219,'Under Armour','Black & White Fitted Hoodie',50,55.00, 15.00, 1 ,0,0);
insert into product (id,name,description,stock,price,supplier_price,supplier_id, amount_sold, rating) values ( 220,'Under Armour','Red & Grey Fitted Hoodie',50,65.00, 20.00, 1 ,0,0);
insert into product (id,name,description,stock,price,supplier_price,supplier_id, amount_sold, rating) values ( 221,'Under Armour','Red Fitted Hoodie',50,60.00, 20.00, 1 ,0,0);
insert into product (id,name,description,stock,price,supplier_price,supplier_id, amount_sold, rating) values ( 222,'Nike','Green Tech Fleece Hoodie',50,100.00, 35.00, 1 ,0,0);
insert into product (id,name,description,stock,price,supplier_price,supplier_id, amount_sold, rating) values ( 223,'Nike','Grey Tech Fleece Hoodie',50,100.00, 35.00, 1 ,0,0);
insert into product (id,name,description,stock,price,supplier_price,supplier_id, amount_sold, rating) values ( 224,'Nike','Black Fitted Sweatshirt',50,75.00, 25.00, 1 ,0,0);
insert into product (id,name,description,stock,price,supplier_price,supplier_id, amount_sold, rating) values ( 225,'Nike','Black Compression Sweatshirt',50,55.00, 15.00,1 ,0,0);
insert into product (id,name,description,stock,price,supplier_price,supplier_id, amount_sold, rating) values ( 226,'Nike','Light Blue Compression Sweatshirt',50,55.00, 15.00, 1 ,0,0);
insert into product (id,name,description,stock,price,supplier_price,supplier_id, amount_sold, rating) values ( 227,'Jordan','Grey & Blue Fitted Sweatshirt',50,55.00, 15.00, 1 ,0,0);
insert into product (id,name,description,stock,price,supplier_price,supplier_id, amount_sold, rating) values ( 228,'Jordan','Black & Red Logo Hoodie',50,60.00, 20.00, 1 ,0,0);
insert into product (id,name,description,stock,price,supplier_price,supplier_id, amount_sold, rating) values ( 229,'Jordan','Black & White Fitted Sweatshirt',50,65.00, 20.00, 1 ,0,0);
insert into product (id,name,description,stock,price,supplier_price,supplier_id, amount_sold, rating) values ( 230,'Adidas','Yellow Fitted Hoodie',50,70.00, 20.00, 1 ,0,0);
insert into product (id,name,description,stock,price,supplier_price,supplier_id, amount_sold, rating) values ( 231,'Adidas','White Fitted Hoodie',50,60.00, 20.00, 1 ,0,0);
insert into product (id,name,description,stock,price,supplier_price,supplier_id, amount_sold, rating) values ( 232,'Adidas','Black & White Fitted Hoodie',50,55.00, 15.00,1 ,0,0);
insert into product (id,name,description,stock,price,supplier_price,supplier_id, amount_sold, rating) values ( 233,'Adidas','Black & Red Fitted Hoodie',50,65.00, 20.00, 1 ,0,0);
insert into product (id,name,description,stock,price,supplier_price,supplier_id, amount_sold, rating) values ( 234,'Adidas','Grey Tech Fleece Hoodie',50,90.00, 30.00, 1 ,0,0);
insert into product (id,name,description,stock,price,supplier_price,supplier_id, amount_sold, rating) values ( 235,'Under Armour','Black Fitted Hoodie',50,55.00, 15.00, 1 ,0,0);
insert into product (id,name,description,stock,price,supplier_price,supplier_id, amount_sold, rating) values ( 236,'Under Armour','Purple Fitted Hoodie',50,60.00, 20.00, 1 ,0,0);
insert into product (id,name,description,stock,price,supplier_price,supplier_id, amount_sold, rating) values ( 237,'Under Armour','Peach Logo Hoodie',50,55.00, 15.00, 1 ,0,0);
insert into product (id,name,description,stock,price,supplier_price,supplier_id, amount_sold, rating) values ( 238,'Under Armour','Grey Logo Hoodie',50,60.00, 20.00, 1 ,0,0);
insert into product (id,name,description,stock,price,supplier_price,supplier_id, amount_sold, rating) values ( 239,'Under Armour','Black Fitted Hoodie',50,55.00, 15.00, 1 ,0,0);
insert into product (id,name,description,stock,price,supplier_price,supplier_id, amount_sold, rating) values ( 240,'Nike','Elite Blue Compression Socks',50,24.00, 5.00, 1 ,0,0);
insert into product (id,name,description,stock,price,supplier_price,supplier_id, amount_sold, rating) values ( 241,'Nike','Elite White Compression Socks',50,24.00, 5.00, 1 ,0,0);
insert into product (id,name,description,stock,price,supplier_price,supplier_id, amount_sold, rating) values ( 242,'Nike','Elite Black Compression Socks',50,24.00, 5.00, 1 ,0,0);
insert into product (id,name,description,stock,price,supplier_price,supplier_id, amount_sold, rating) values ( 243,'Nike','Elite Red Compression Socks',50,24.00, 5.00, 1 ,0,0);
insert into product (id,name,description,stock,price,supplier_price,supplier_id, amount_sold, rating) values ( 244,'Nike','Elite Black & Red Compression Socks',50,24.00, 5.00, 1 ,0,0);
insert into product (id,name,description,stock,price,supplier_price,supplier_id, amount_sold, rating) values ( 245,'Nike','Elite Light Blue Compression Socks',50,24.00, 5.00, 1 ,0,0);
insert into product (id,name,description,stock,price,supplier_price,supplier_id, amount_sold, rating) values ( 246,'Nike','Elite Light Red Compression Socks',50,24.00, 5.00, 1 ,0,0);
insert into product (id,name,description,stock,price,supplier_price,supplier_id, amount_sold, rating) values ( 247,'Nike','Black Lebron James Socks',50,20.00, 4.00, 1 ,0,0);
insert into product (id,name,description,stock,price,supplier_price,supplier_id, amount_sold, rating) values ( 248,'Nike','Black 3-Pack Compression Socks',50,30.00, 8.00, 1 ,0,0);
insert into product (id,name,description,stock,price,supplier_price,supplier_id, amount_sold, rating) values ( 249,'Nike','White 3-Pack Compression Socks',50,30.00, 8.00,1 ,0,0);
insert into product (id,name,description,stock,price,supplier_price,supplier_id, amount_sold, rating) values ( 250,'Jordan','Grey Compression Socks',50,19.00, 4.00, 1 ,0,0);
insert into product (id,name,description,stock,price,supplier_price,supplier_id, amount_sold, rating) values ( 251,'Jordan','White Compression Socks',50,19.00, 4.00, 1 ,0,0);
insert into product (id,name,description,stock,price,supplier_price,supplier_id, amount_sold, rating) values ( 252,'Jordan','Black Compression Socks',50,19.00, 4.00, 1 ,0,0);
insert into product (id,name,description,stock,price,supplier_price,supplier_id, amount_sold, rating) values ( 253,'Jordan','White & Red Compression Socks',50,20.00, 4.00, 1 ,0,0);
insert into product (id,name,description,stock,price,supplier_price,supplier_id, amount_sold, rating) values ( 254,'Jordan','Black & White Compression Socks',50,19.00, 4.00, 1 ,0,0);
insert into product (id,name,description,stock,price,supplier_price,supplier_id, amount_sold, rating) values ( 255,'Jordan','Black Compression Socks',50,24.00, 4.00, 1 ,0,0);
insert into product (id,name,description,stock,price,supplier_price,supplier_id, amount_sold, rating) values ( 256,'Jordan','White Compression Socks',50,22.00, 4.00, 1 ,0,0);
insert into product (id,name,description,stock,price,supplier_price,supplier_id, amount_sold, rating) values ( 257,'Adidas','Black 3-Pack Compression Socks',50,30.00, 8.00,1 ,0,0);
insert into product (id,name,description,stock,price,supplier_price,supplier_id, amount_sold, rating) values ( 258,'Adidas','White 3-Pack Compression Socks',50,30.00, 8.00, 1 ,0,0);
insert into product (id,name,description,stock,price,supplier_price,supplier_id, amount_sold, rating) values ( 259,'Adidas','Black James Harden Socks',50,15.00, 4.00, 1 ,0,0);
insert into product (id,name,description,stock,price,supplier_price,supplier_id, amount_sold, rating) values ( 260,'Adidas','NBA 3-Pack Compression Socks',50,30.00, 8.00, 1 ,0,0);
insert into product (id,name,description,stock,price,supplier_price,supplier_id, amount_sold, rating) values ( 261,'Adidas','Black Compression Socks',50,18.00, 4.00, 1 ,0,0);
insert into product (id,name,description,stock,price,supplier_price,supplier_id, amount_sold, rating) values ( 262,'Adidas','White Compression Socks',50,18.00, 4.00, 1 ,0,0);
insert into product (id,name,description,stock,price,supplier_price,supplier_id, amount_sold, rating) values ( 263,'Adidas','White & Navy Compression Socks',50,20.00, 5.00, 1 ,0,0);
insert into product (id,name,description,stock,price,supplier_price,supplier_id, amount_sold, rating) values ( 264,'Under Armour','Black Compression Socks',50,14.00, 4.00, 1 ,0,0);
insert into product (id,name,description,stock,price,supplier_price,supplier_id, amount_sold, rating) values ( 265,'Under Armour','White compression Socks',50,14.00, 4.00, 1 ,0,0);
insert into product (id,name,description,stock,price,supplier_price,supplier_id, amount_sold, rating) values ( 266,'Under Armour','Navy compression Socks',50,12.00, 4.00,1 ,0,0);
insert into product (id,name,description,stock,price,supplier_price,supplier_id, amount_sold, rating) values ( 267,'Under Armour','Blue compression Socks',50,12.00, 4.00,1 ,0,0);
insert into product (id,name,description,stock,price,supplier_price,supplier_id, amount_sold, rating) values ( 268,'Under Armour','Grey compression Socks',50,16.00, 4.00,1 ,0,0);
insert into product (id,name,description,stock,price,supplier_price,supplier_id, amount_sold, rating) values ( 269,'Under Armour','Blue compression Socks',50,16.00,4.00, 1 ,0,0);
insert into product (id,name,description,stock,price,supplier_price,supplier_id, amount_sold, rating) values ( 270,'Under Armour','Black compression Socks',50,16.00, 4.00, 1 ,0,0);
insert into product (id,name,description,stock,price,supplier_price,supplier_id, amount_sold, rating) values ( 271,'Nike','Black & White Snapback',50,35.00, 8.00, 1 ,0,0);
insert into product (id,name,description,stock,price,supplier_price,supplier_id, amount_sold, rating) values ( 272,'Nike','White & Black Snapback',50,35.00, 8.00, 1 ,0,0);
insert into product (id,name,description,stock,price,supplier_price,supplier_id, amount_sold, rating) values ( 273,'Nike','Orange & White Snapback',50,35.00, 8.00, 1 ,0,0);
insert into product (id,name,description,stock,price,supplier_price,supplier_id, amount_sold, rating) values ( 274,'Nike','Black International Snapback',50,35.00, 8.00,1 ,0,0);
insert into product (id,name,description,stock,price,supplier_price,supplier_id, amount_sold, rating) values ( 275,'Nike','White International Snapback',50,35.00, 8.00, 1 ,0,0);
insert into product (id,name,description,stock,price,supplier_price,supplier_id, amount_sold, rating) values ( 276,'Jordan','White 23 Snapback',50,45.00, 10.00, 1 ,0,0);
insert into product (id,name,description,stock,price,supplier_price,supplier_id, amount_sold, rating) values ( 277,'Jordan','Black 23 Snapback',50,45.00, 10.00, 1 ,0,0);
insert into product (id,name,description,stock,price,supplier_price,supplier_id, amount_sold, rating) values ( 278,'Jordan','Red AIR Snapback',50,45.00, 10.00, 1 ,0,0);
insert into product (id,name,description,stock,price,supplier_price,supplier_id, amount_sold, rating) values ( 279,'Jordan','Black Retro 23 Snapback',50,45.00, 10.00, 1 ,0,0);
insert into product (id,name,description,stock,price,supplier_price,supplier_id, amount_sold, rating) values ( 280,'Jordan','Grey Jumpman Cap',50,45.00, 10.00, 1 ,0,0);
insert into product (id,name,description,stock,price,supplier_price,supplier_id, amount_sold, rating) values ( 281,'Adidas','Blue & White Cap',50,30.00, 7.00, 1 ,0,0);
insert into product (id,name,description,stock,price,supplier_price,supplier_id, amount_sold, rating) values ( 282,'Adidas','Light Blue & White Cap',50,30.00, 7.00, 1 ,0,0);
insert into product (id,name,description,stock,price,supplier_price,supplier_id, amount_sold, rating) values ( 284,'Adidas','Red & Navy Cap',50,30.00,7.00, 1 ,0,0);
insert into product (id,name,description,stock,price,supplier_price,supplier_id, amount_sold, rating) values ( 285,'Adidas','White & Grey Cap',50,30.00, 7.00, 1 ,0,0);
insert into product (id,name,description,stock,price,supplier_price,supplier_id, amount_sold, rating) values ( 286,'Under Armour','Black Cap',50,35.00, 8.00, 1 ,0,0);
insert into product (id,name,description,stock,price,supplier_price,supplier_id, amount_sold, rating) values ( 287,'Under Armour','Grey Cap',50,30.00, 7.00, 1 ,0,0);
insert into product (id,name,description,stock,price,supplier_price,supplier_id, amount_sold, rating) values ( 288,'Under Armour','Blue Cap',50,40.00, 8.00, 1 ,0,0);
insert into product (id,name,description,stock,price,supplier_price,supplier_id, amount_sold, rating) values ( 289,'Under Armour','Red Cap',50,30.00, 7.00,1 ,0,0);
insert into product (id,name,description,stock,price,supplier_price,supplier_id, amount_sold, rating) values ( 290,'Under Armour','Navy Cap',50,40.00, 8.00, 1 ,0,0);
insert into product (id,name,description,stock,price,supplier_price,supplier_id, amount_sold, rating) values ( 291,'Molten','Size 7 GG7X Basketball',50,70.00, 25.00, 1 ,0,0);
insert into product (id,name,description,stock,price,supplier_price,supplier_id, amount_sold, rating) values ( 292,'Molten','Size 7 GL7X Basketball',50,70.00, 25.00, 1 ,0,0);
insert into product (id,name,description,stock,price,supplier_price,supplier_id, amount_sold, rating) values ( 293,'Molten','10-pack of GG7X Basketballs ',50,300.00, 70.00,1 ,0,0);
insert into product (id,name,description,stock,price,supplier_price,supplier_id, amount_sold, rating) values ( 294,'Molten','10-pack of Outdoor Basketballs',50,240.00, 60.00,1 ,0,0);
insert into product (id,name,description,stock,price,supplier_price,supplier_id, amount_sold, rating) values ( 295,'Molten','Basketball Ball Rack',50,80.00, 20.00, 1 ,0,0);
insert into product (id,name,description,stock,price,supplier_price,supplier_id, amount_sold, rating) values ( 296,'Molten','Basketball Ball Holder',50,70.00, 20.00, 1 ,0,0);
insert into product (id,name,description,stock,price,supplier_price,supplier_id, amount_sold, rating) values ( 297,'Molten','Basketball Ball Cage',50,75.00, 20.00, 1 ,0,0);
insert into product (id,name,description,stock,price,supplier_price,supplier_id, amount_sold, rating) values ( 298,'Molten','Professional 10-Foot Basketball Hoop',50,800.00, 200.00, 1 ,0,0);
insert into product (id,name,description,stock,price,supplier_price,supplier_id, amount_sold, rating) values ( 299,'Molten','NBA Replica Basketball Hoop',50,500.00, 80.00, 1 ,0,0);
insert into product (id,name,description,stock,price,supplier_price,supplier_id, amount_sold, rating) values ( 300,'Molten','NBA Replica Basketball Hoop',50,400.00, 70.00, 1 ,0,0);
insert into product (id,name,description,stock,price,supplier_price,supplier_id, amount_sold, rating) values ( 301,'Molten','NBA Replica Basketball Hoop',50,300.00, 65.00, 1 ,0,0);
insert into product (id,name,description,stock,price,supplier_price,supplier_id, amount_sold, rating) values ( 302,'Molten','NBA Replica Basketball Hoop',50,250.00, 60.00,1 ,0,0);
insert into product (id,name,description,stock,price,supplier_price,supplier_id, amount_sold, rating) values ( 303,'Molten','Moveable Basketball Hoop',50,150.00, 45.00, 1 ,0,0);
insert into product (id,name,description,stock,price,supplier_price,supplier_id, amount_sold, rating) values ( 304,'Molten','Moveable Basketball Hoop',50,125.00, 30.00, 1 ,0,0);
insert into product (id,name,description,stock,price,supplier_price,supplier_id, amount_sold, rating) values ( 305,'Molten','Coaches Play Board',50,40.00, 10.00, 1 ,0,0);
insert into product (id,name,description,stock,price,supplier_price,supplier_id, amount_sold, rating) values ( 306,'Molten','Coaches Play Board',50,40.00, 10.00, 1 ,0,0);







insert into category_product (category_id,product_id) values (1,33);
insert into category_product (category_id,product_id) values (1,34);
insert into category_product (category_id,product_id) values (1,89);
insert into category_product (category_id,product_id) values (1,90);
insert into category_product (category_id,product_id) values (1,91);
insert into category_product (category_id,product_id) values (1,92);
insert into category_product (category_id,product_id) values (1,93);
insert into category_product (category_id,product_id) values (1,94);
insert into category_product (category_id,product_id) values (1,95);
insert into category_product (category_id,product_id) values (1,96);
insert into category_product (category_id,product_id) values (1,97);
insert into category_product (category_id,product_id) values (1,98);
insert into category_product (category_id,product_id) values (1,99);
insert into category_product (category_id,product_id) values (1,100);
insert into category_product (category_id,product_id) values (1,101);
insert into category_product (category_id,product_id) values (1,102);
insert into category_product (category_id,product_id) values (1,103);
insert into category_product (category_id,product_id) values (1,104);
insert into category_product (category_id,product_id) values (1,105);
insert into category_product (category_id,product_id) values (1,106);
insert into category_product (category_id,product_id) values (1,107);
insert into category_product (category_id,product_id) values (1,108);
insert into category_product (category_id,product_id) values (1,109);



insert into category_product (category_id,product_id) values (2,110);
insert into category_product (category_id,product_id) values (2,111);
insert into category_product (category_id,product_id) values (2,112);
insert into category_product (category_id,product_id) values (2,113);
insert into category_product (category_id,product_id) values (2,114);
insert into category_product (category_id,product_id) values (2,115);
insert into category_product (category_id,product_id) values (2,116);
insert into category_product (category_id,product_id) values (2,117);
insert into category_product (category_id,product_id) values (2,118);
insert into category_product (category_id,product_id) values (2,119);
insert into category_product (category_id,product_id) values (2,120);
insert into category_product (category_id,product_id) values (2,121);
insert into category_product (category_id,product_id) values (2,122);
insert into category_product (category_id,product_id) values (2,123);
insert into category_product (category_id,product_id) values (2,124);
insert into category_product (category_id,product_id) values (2,125);
insert into category_product (category_id,product_id) values (2,126);
insert into category_product (category_id,product_id) values (2,127);
insert into category_product (category_id,product_id) values (2,128);
insert into category_product (category_id,product_id) values (2,129);
insert into category_product (category_id,product_id) values (2,130);
insert into category_product (category_id,product_id) values (2,131);
insert into category_product (category_id,product_id) values (2,132);




insert into category_product (category_id,product_id) values (3,44);
insert into category_product (category_id,product_id) values (3,45);
insert into category_product (category_id,product_id) values (3,46);
insert into category_product (category_id,product_id) values (3,47);
insert into category_product (category_id,product_id) values (3,48);
insert into category_product (category_id,product_id) values (3,49);
insert into category_product (category_id,product_id) values (3,50);
insert into category_product (category_id,product_id) values (3,51);
insert into category_product (category_id,product_id) values (3,52);
insert into category_product (category_id,product_id) values (3,53);
insert into category_product (category_id,product_id) values (3,54);
insert into category_product (category_id,product_id) values (3,55);
insert into category_product (category_id,product_id) values (3,56);
insert into category_product (category_id,product_id) values (3,57);
insert into category_product (category_id,product_id) values (3,58);
insert into category_product (category_id,product_id) values (3,59);
insert into category_product (category_id,product_id) values (3,60);
insert into category_product (category_id,product_id) values (3,61);
insert into category_product (category_id,product_id) values (3,62);
insert into category_product (category_id,product_id) values (3,63);
insert into category_product (category_id,product_id) values (3,64);
insert into category_product (category_id,product_id) values (3,65);
insert into category_product (category_id,product_id) values (3,66);
insert into category_product (category_id,product_id) values (3,67);
insert into category_product (category_id,product_id) values (3,68);
insert into category_product (category_id,product_id) values (3,69);
insert into category_product (category_id,product_id) values (3,70);
insert into category_product (category_id,product_id) values (3,71);
insert into category_product (category_id,product_id) values (3,72);
insert into category_product (category_id,product_id) values (3,73);
insert into category_product (category_id,product_id) values (3,74);
insert into category_product (category_id,product_id) values (3,75);
insert into category_product (category_id,product_id) values (3,76);
insert into category_product (category_id,product_id) values (3,77);
insert into category_product (category_id,product_id) values (3,78);
insert into category_product (category_id,product_id) values (3,79);
insert into category_product (category_id,product_id) values (3,134);
insert into category_product (category_id,product_id) values (3,135);
insert into category_product (category_id,product_id) values (3,136);
insert into category_product (category_id,product_id) values (3,137);
insert into category_product (category_id,product_id) values (3,138);
insert into category_product (category_id,product_id) values (3,139);
insert into category_product (category_id,product_id) values (3,140);
insert into category_product (category_id,product_id) values (3,141);
insert into category_product (category_id,product_id) values (3,142);
insert into category_product (category_id,product_id) values (3,143);
insert into category_product (category_id,product_id) values (3,144);
insert into category_product (category_id,product_id) values (3,145);
insert into category_product (category_id,product_id) values (3,146);
insert into category_product (category_id,product_id) values (3,147);
insert into category_product (category_id,product_id) values (3,148);
insert into category_product (category_id,product_id) values (3,149);
insert into category_product (category_id,product_id) values (3,150);
insert into category_product (category_id,product_id) values (3,151);
insert into category_product (category_id,product_id) values (3,152);
insert into category_product (category_id,product_id) values (3,153);
insert into category_product (category_id,product_id) values (3,154);
insert into category_product (category_id,product_id) values (3,155);
insert into category_product (category_id,product_id) values (3,156);
insert into category_product (category_id,product_id) values (3,157);
insert into category_product (category_id,product_id) values (3,158);
insert into category_product (category_id,product_id) values (3,159);
insert into category_product (category_id,product_id) values (3,160);
insert into category_product (category_id,product_id) values (3,161);
insert into category_product (category_id,product_id) values (3,162);
insert into category_product (category_id,product_id) values (3,163);
insert into category_product (category_id,product_id) values (3,164);
insert into category_product (category_id,product_id) values (3,165);
insert into category_product (category_id,product_id) values (3,166);
insert into category_product (category_id,product_id) values (3,167);
insert into category_product (category_id,product_id) values (3,168);
insert into category_product (category_id,product_id) values (3,169);
insert into category_product (category_id,product_id) values (3,170);
insert into category_product (category_id,product_id) values (3,171);
insert into category_product (category_id,product_id) values (3,172);
insert into category_product (category_id,product_id) values (3,173);
insert into category_product (category_id,product_id) values (3,174);
insert into category_product (category_id,product_id) values (3,175);
insert into category_product (category_id,product_id) values (3,176);
insert into category_product (category_id,product_id) values (3,177);
insert into category_product (category_id,product_id) values (3,178);
insert into category_product (category_id,product_id) values (3,179);
insert into category_product (category_id,product_id) values (3,180);
insert into category_product (category_id,product_id) values (3,181);
insert into category_product (category_id,product_id) values (3,182);
insert into category_product (category_id,product_id) values (3,183);
insert into category_product (category_id,product_id) values (3,184);
insert into category_product (category_id,product_id) values (3,185);
insert into category_product (category_id,product_id) values (3,186);
insert into category_product (category_id,product_id) values (3,187);






insert into category_product (category_id,product_id) values (4,1);
insert into category_product (category_id,product_id) values (4,2);
insert into category_product (category_id,product_id) values (4,3);
insert into category_product (category_id,product_id) values (4,4);
insert into category_product (category_id,product_id) values (4,5);
insert into category_product (category_id,product_id) values (4,6);
insert into category_product (category_id,product_id) values (4,7);
insert into category_product (category_id,product_id) values (4,8);  
insert into category_product (category_id,product_id) values (4,9);
insert into category_product (category_id,product_id) values (4,10);
insert into category_product (category_id,product_id) values (4,11);
insert into category_product (category_id,product_id) values (4,12);
insert into category_product (category_id,product_id) values (4,13);
insert into category_product (category_id,product_id) values (4,14);
insert into category_product (category_id,product_id) values (4,15);
insert into category_product (category_id,product_id) values (4,16);
insert into category_product (category_id,product_id) values (4,17);
insert into category_product (category_id,product_id) values (4,18);
insert into category_product (category_id,product_id) values (4,19);
insert into category_product (category_id,product_id) values (4,20);
insert into category_product (category_id,product_id) values (4,21);
insert into category_product (category_id,product_id) values (4,22);
insert into category_product (category_id,product_id) values (4,23);
insert into category_product (category_id,product_id) values (4,24);
insert into category_product (category_id,product_id) values (4,25);
insert into category_product (category_id,product_id) values (4,26);
insert into category_product (category_id,product_id) values (4,27);
insert into category_product (category_id,product_id) values (4,28);
insert into category_product (category_id,product_id) values (4,29);
insert into category_product (category_id,product_id) values (4,30);
insert into category_product (category_id,product_id) values (4,31);
insert into category_product (category_id,product_id) values (4,32);
insert into category_product (category_id,product_id) values (4,35);
insert into category_product (category_id,product_id) values (4,36);
insert into category_product (category_id,product_id) values (4,37);
insert into category_product (category_id,product_id) values (4,38);
insert into category_product (category_id,product_id) values (4,39);
insert into category_product (category_id,product_id) values (4,40);
insert into category_product (category_id,product_id) values (4,42);
insert into category_product (category_id,product_id) values (4,43);




insert into category_product (category_id,product_id) values (5,188);
insert into category_product (category_id,product_id) values (5,189);
insert into category_product (category_id,product_id) values (5,190);
insert into category_product (category_id,product_id) values (5,191);
insert into category_product (category_id,product_id) values (5,192);
insert into category_product (category_id,product_id) values (5,193);
insert into category_product (category_id,product_id) values (5,194);
insert into category_product (category_id,product_id) values (5,195);
insert into category_product (category_id,product_id) values (5,196);
insert into category_product (category_id,product_id) values (5,197);
insert into category_product (category_id,product_id) values (5,198);
insert into category_product (category_id,product_id) values (5,199);
insert into category_product (category_id,product_id) values (5,200);
insert into category_product (category_id,product_id) values (5,201);
insert into category_product (category_id,product_id) values (5,202);
insert into category_product (category_id,product_id) values (5,203);
insert into category_product (category_id,product_id) values (5,204);
insert into category_product (category_id,product_id) values (5,205);
insert into category_product (category_id,product_id) values (5,206);
insert into category_product (category_id,product_id) values (5,207);
insert into category_product (category_id,product_id) values (5,208);
insert into category_product (category_id,product_id) values (5,209);
insert into category_product (category_id,product_id) values (5,210);
insert into category_product (category_id,product_id) values (5,211);
insert into category_product (category_id,product_id) values (5,212);
insert into category_product (category_id,product_id) values (5,213);
insert into category_product (category_id,product_id) values (5,214);
insert into category_product (category_id,product_id) values (5,215);
insert into category_product (category_id,product_id) values (5,216);
insert into category_product (category_id,product_id) values (5,217);
insert into category_product (category_id,product_id) values (5,218);
insert into category_product (category_id,product_id) values (5,219);
insert into category_product (category_id,product_id) values (5,220);
insert into category_product (category_id,product_id) values (5,221);
insert into category_product (category_id,product_id) values (5,222);
insert into category_product (category_id,product_id) values (5,223);
insert into category_product (category_id,product_id) values (5,224);
insert into category_product (category_id,product_id) values (5,225);
insert into category_product (category_id,product_id) values (5,226);
insert into category_product (category_id,product_id) values (5,227);
insert into category_product (category_id,product_id) values (5,228);
insert into category_product (category_id,product_id) values (5,229);
insert into category_product (category_id,product_id) values (5,230);
insert into category_product (category_id,product_id) values (5,231);
insert into category_product (category_id,product_id) values (5,232);
insert into category_product (category_id,product_id) values (5,233);
insert into category_product (category_id,product_id) values (5,234);
insert into category_product (category_id,product_id) values (5,235);
insert into category_product (category_id,product_id) values (5,236);
insert into category_product (category_id,product_id) values (5,237);
insert into category_product (category_id,product_id) values (5,238);
insert into category_product (category_id,product_id) values (5,239);





insert into category_product (category_id,product_id) values (6,271);
insert into category_product (category_id,product_id) values (6,272);
insert into category_product (category_id,product_id) values (6,273);
insert into category_product (category_id,product_id) values (6,274);
insert into category_product (category_id,product_id) values (6,275);
insert into category_product (category_id,product_id) values (6,276);
insert into category_product (category_id,product_id) values (6,277);
insert into category_product (category_id,product_id) values (6,278);
insert into category_product (category_id,product_id) values (6,279);
insert into category_product (category_id,product_id) values (6,280);
insert into category_product (category_id,product_id) values (6,281);
insert into category_product (category_id,product_id) values (6,282);
insert into category_product (category_id,product_id) values (6,284);
insert into category_product (category_id,product_id) values (6,285);
insert into category_product (category_id,product_id) values (6,286);
insert into category_product (category_id,product_id) values (6,287);
insert into category_product (category_id,product_id) values (6,288);
insert into category_product (category_id,product_id) values (6,289);
insert into category_product (category_id,product_id) values (6,290);





insert into category_product (category_id,product_id) values (7,291);
insert into category_product (category_id,product_id) values (7,292);
insert into category_product (category_id,product_id) values (7,293);
insert into category_product (category_id,product_id) values (7,294);
insert into category_product (category_id,product_id) values (7,295);
insert into category_product (category_id,product_id) values (7,296);
insert into category_product (category_id,product_id) values (7,297);
insert into category_product (category_id,product_id) values (7,298);
insert into category_product (category_id,product_id) values (7,299);
insert into category_product (category_id,product_id) values (7,300);
insert into category_product (category_id,product_id) values (7,301);
insert into category_product (category_id,product_id) values (7,302);
insert into category_product (category_id,product_id) values (7,303);
insert into category_product (category_id,product_id) values (7,304);
insert into category_product (category_id,product_id) values (7,305);
insert into category_product (category_id,product_id) values (7,306);





insert into category_product (category_id,product_id) values (8,240);
insert into category_product (category_id,product_id) values (8,241);
insert into category_product (category_id,product_id) values (8,242);
insert into category_product (category_id,product_id) values (8,243);
insert into category_product (category_id,product_id) values (8,244);
insert into category_product (category_id,product_id) values (8,245);
insert into category_product (category_id,product_id) values (8,246);
insert into category_product (category_id,product_id) values (8,247);
insert into category_product (category_id,product_id) values (8,248);
insert into category_product (category_id,product_id) values (8,249);
insert into category_product (category_id,product_id) values (8,250);
insert into category_product (category_id,product_id) values (8,251);
insert into category_product (category_id,product_id) values (8,252);
insert into category_product (category_id,product_id) values (8,253);
insert into category_product (category_id,product_id) values (8,254);
insert into category_product (category_id,product_id) values (8,255);
insert into category_product (category_id,product_id) values (8,256);
insert into category_product (category_id,product_id) values (8,257);
insert into category_product (category_id,product_id) values (8,258);
insert into category_product (category_id,product_id) values (8,259);
insert into category_product (category_id,product_id) values (8,260);
insert into category_product (category_id,product_id) values (8,261);
insert into category_product (category_id,product_id) values (8,262);
insert into category_product (category_id,product_id) values (8,263);
insert into category_product (category_id,product_id) values (8,264);
insert into category_product (category_id,product_id) values (8,265);
insert into category_product (category_id,product_id) values (8,266);
insert into category_product (category_id,product_id) values (8,267);
insert into category_product (category_id,product_id) values (8,268);
insert into category_product (category_id,product_id) values (8,269);
insert into category_product (category_id,product_id) values (8,270);






insert into category_product (category_id,product_id) values (9,1);
insert into category_product (category_id,product_id) values (9,2);
insert into category_product (category_id,product_id) values (9,3);  
insert into category_product (category_id,product_id) values (9,4); 
insert into category_product (category_id,product_id) values (9,5); 
insert into category_product (category_id,product_id) values (9,6); 
insert into category_product (category_id,product_id) values (9,7); 
insert into category_product (category_id,product_id) values (9,8); 
insert into category_product (category_id,product_id) values (9,9); 
insert into category_product (category_id,product_id) values (9,10); 
insert into category_product (category_id,product_id) values (9,11); 
insert into category_product (category_id,product_id) values (9,12); 
insert into category_product (category_id,product_id) values (9,13); 
insert into category_product (category_id,product_id) values (9,14); 
insert into category_product (category_id,product_id) values (9,15); 
insert into category_product (category_id,product_id) values (9,16);
insert into category_product (category_id,product_id) values (9,17);
insert into category_product (category_id,product_id) values (9,18);
insert into category_product (category_id,product_id) values (9,19);
insert into category_product (category_id,product_id) values (9,20);
insert into category_product (category_id,product_id) values (9,21);
insert into category_product (category_id,product_id) values (9,22);
insert into category_product (category_id,product_id) values (9,44);
insert into category_product (category_id,product_id) values (9,45);
insert into category_product (category_id,product_id) values (9,46);
insert into category_product (category_id,product_id) values (9,47);
insert into category_product (category_id,product_id) values (9,48);
insert into category_product (category_id,product_id) values (9,49);
insert into category_product (category_id,product_id) values (9,50);
insert into category_product (category_id,product_id) values (9,51);
insert into category_product (category_id,product_id) values (9,52);
insert into category_product (category_id,product_id) values (9,53);
insert into category_product (category_id,product_id) values (9,54);
insert into category_product (category_id,product_id) values (9,55);
insert into category_product (category_id,product_id) values (9,56);
insert into category_product (category_id,product_id) values (9,57);
insert into category_product (category_id,product_id) values (9,58);
insert into category_product (category_id,product_id) values (9,59);
insert into category_product (category_id,product_id) values (9,60);
insert into category_product (category_id,product_id) values (9,61);
insert into category_product (category_id,product_id) values (9,62);
insert into category_product (category_id,product_id) values (9,63);
insert into category_product (category_id,product_id) values (9,64);
insert into category_product (category_id,product_id) values (9,65);
insert into category_product (category_id,product_id) values (9,66);
insert into category_product (category_id,product_id) values (9,67);
insert into category_product (category_id,product_id) values (9,68);
insert into category_product (category_id,product_id) values (9,69);
insert into category_product (category_id,product_id) values (9,70);
insert into category_product (category_id,product_id) values (9,81);
insert into category_product (category_id,product_id) values (9,82);
insert into category_product (category_id,product_id) values (9,83);
insert into category_product (category_id,product_id) values (9,84);
insert into category_product (category_id,product_id) values (9,85);
insert into category_product (category_id,product_id) values (9,86);
insert into category_product (category_id,product_id) values (9,87);
insert into category_product (category_id,product_id) values (9,88);
insert into category_product (category_id,product_id) values (9,89);
insert into category_product (category_id,product_id) values (9,90);
insert into category_product (category_id,product_id) values (9,91);
insert into category_product (category_id,product_id) values (9,92);
insert into category_product (category_id,product_id) values (9,93);
insert into category_product (category_id,product_id) values (9,94);
insert into category_product (category_id,product_id) values (9,95);
insert into category_product (category_id,product_id) values (9,96);
insert into category_product (category_id,product_id) values (9,97);
insert into category_product (category_id,product_id) values (9,98);
insert into category_product (category_id,product_id) values (9,99);
insert into category_product (category_id,product_id) values (9,100);
insert into category_product (category_id,product_id) values (9,101);
insert into category_product (category_id,product_id) values (9,102);
insert into category_product (category_id,product_id) values (9,103);
insert into category_product (category_id,product_id) values (9,104);
insert into category_product (category_id,product_id) values (9,105);
insert into category_product (category_id,product_id) values (9,106);
insert into category_product (category_id,product_id) values (9,107);
insert into category_product (category_id,product_id) values (9,108);
insert into category_product (category_id,product_id) values (9,109);
insert into category_product (category_id,product_id) values (9,110);
insert into category_product (category_id,product_id) values (9,111);
insert into category_product (category_id,product_id) values (9,112);
insert into category_product (category_id,product_id) values (9,113);
insert into category_product (category_id,product_id) values (9,114);
insert into category_product (category_id,product_id) values (9,115);
insert into category_product (category_id,product_id) values (9,116);
insert into category_product (category_id,product_id) values (9,117);
insert into category_product (category_id,product_id) values (9,118);
insert into category_product (category_id,product_id) values (9,119);
insert into category_product (category_id,product_id) values (9,120);
insert into category_product (category_id,product_id) values (9,121);
insert into category_product (category_id,product_id) values (9,122);
insert into category_product (category_id,product_id) values (9,123);
insert into category_product (category_id,product_id) values (9,124);
insert into category_product (category_id,product_id) values (9,125);
insert into category_product (category_id,product_id) values (9,126);
insert into category_product (category_id,product_id) values (9,127);
insert into category_product (category_id,product_id) values (9,128);
insert into category_product (category_id,product_id) values (9,129);
insert into category_product (category_id,product_id) values (9,130);
insert into category_product (category_id,product_id) values (9,131);
insert into category_product (category_id,product_id) values (9,132);
insert into category_product (category_id,product_id) values (9,133);
insert into category_product (category_id,product_id) values (9,134);
insert into category_product (category_id,product_id) values (9,135);
insert into category_product (category_id,product_id) values (9,136);
insert into category_product (category_id,product_id) values (9,137);
insert into category_product (category_id,product_id) values (9,138);
insert into category_product (category_id,product_id) values (9,139);
insert into category_product (category_id,product_id) values (9,140);
insert into category_product (category_id,product_id) values (9,141);
insert into category_product (category_id,product_id) values (9,142);
insert into category_product (category_id,product_id) values (9,143);
insert into category_product (category_id,product_id) values (9,144);
insert into category_product (category_id,product_id) values (9,145);
insert into category_product (category_id,product_id) values (9,146);
insert into category_product (category_id,product_id) values (9,147);
insert into category_product (category_id,product_id) values (9,148);
insert into category_product (category_id,product_id) values (9,149);
insert into category_product (category_id,product_id) values (9,150);
insert into category_product (category_id,product_id) values (9,151);
insert into category_product (category_id,product_id) values (9,152);
insert into category_product (category_id,product_id) values (9,153);
insert into category_product (category_id,product_id) values (9,154);
insert into category_product (category_id,product_id) values (9,155);
insert into category_product (category_id,product_id) values (9,156);
insert into category_product (category_id,product_id) values (9,157);
insert into category_product (category_id,product_id) values (9,158);
insert into category_product (category_id,product_id) values (9,159);
insert into category_product (category_id,product_id) values (9,160);
insert into category_product (category_id,product_id) values (9,161);
insert into category_product (category_id,product_id) values (9,162);
insert into category_product (category_id,product_id) values (9,163);
insert into category_product (category_id,product_id) values (9,164);
insert into category_product (category_id,product_id) values (9,165);
insert into category_product (category_id,product_id) values (9,166);
insert into category_product (category_id,product_id) values (9,188);
insert into category_product (category_id,product_id) values (9,189);
insert into category_product (category_id,product_id) values (9,190);
insert into category_product (category_id,product_id) values (9,191);
insert into category_product (category_id,product_id) values (9,192);
insert into category_product (category_id,product_id) values (9,193);
insert into category_product (category_id,product_id) values (9,194);
insert into category_product (category_id,product_id) values (9,195);
insert into category_product (category_id,product_id) values (9,196);
insert into category_product (category_id,product_id) values (9,197);
insert into category_product (category_id,product_id) values (9,198);
insert into category_product (category_id,product_id) values (9,199);
insert into category_product (category_id,product_id) values (9,200);
insert into category_product (category_id,product_id) values (9,201);
insert into category_product (category_id,product_id) values (9,202);
insert into category_product (category_id,product_id) values (9,203);
insert into category_product (category_id,product_id) values (9,204);
insert into category_product (category_id,product_id) values (9,205);
insert into category_product (category_id,product_id) values (9,206);
insert into category_product (category_id,product_id) values (9,207);
insert into category_product (category_id,product_id) values (9,208);
insert into category_product (category_id,product_id) values (9,209);
insert into category_product (category_id,product_id) values (9,210);
insert into category_product (category_id,product_id) values (9,211);
insert into category_product (category_id,product_id) values (9,212);
insert into category_product (category_id,product_id) values (9,213);
insert into category_product (category_id,product_id) values (9,214);
insert into category_product (category_id,product_id) values (9,215);
insert into category_product (category_id,product_id) values (9,216);
insert into category_product (category_id,product_id) values (9,217);
insert into category_product (category_id,product_id) values (9,218);
insert into category_product (category_id,product_id) values (9,219);
insert into category_product (category_id,product_id) values (9,220);
insert into category_product (category_id,product_id) values (9,221);
insert into category_product (category_id,product_id) values (9,240);
insert into category_product (category_id,product_id) values (9,241);
insert into category_product (category_id,product_id) values (9,242);
insert into category_product (category_id,product_id) values (9,243);
insert into category_product (category_id,product_id) values (9,244);
insert into category_product (category_id,product_id) values (9,245);
insert into category_product (category_id,product_id) values (9,246);
insert into category_product (category_id,product_id) values (9,247);
insert into category_product (category_id,product_id) values (9,248);
insert into category_product (category_id,product_id) values (9,249);
insert into category_product (category_id,product_id) values (9,250);
insert into category_product (category_id,product_id) values (9,251);
insert into category_product (category_id,product_id) values (9,252);
insert into category_product (category_id,product_id) values (9,253);
insert into category_product (category_id,product_id) values (9,254);
insert into category_product (category_id,product_id) values (9,255);
insert into category_product (category_id,product_id) values (9,256);
insert into category_product (category_id,product_id) values (9,257);
insert into category_product (category_id,product_id) values (9,258);
insert into category_product (category_id,product_id) values (9,259);
insert into category_product (category_id,product_id) values (9,260);
insert into category_product (category_id,product_id) values (9,261);
insert into category_product (category_id,product_id) values (9,262);
insert into category_product (category_id,product_id) values (9,263);
insert into category_product (category_id,product_id) values (9,264);
insert into category_product (category_id,product_id) values (9,265);
insert into category_product (category_id,product_id) values (9,266);
insert into category_product (category_id,product_id) values (9,267);
insert into category_product (category_id,product_id) values (9,268);
insert into category_product (category_id,product_id) values (9,269);
insert into category_product (category_id,product_id) values (9,270);
insert into category_product (category_id,product_id) values (9,271);
insert into category_product (category_id,product_id) values (9,272);
insert into category_product (category_id,product_id) values (9,273);
insert into category_product (category_id,product_id) values (9,274);
insert into category_product (category_id,product_id) values (9,275);
insert into category_product (category_id,product_id) values (9,276);
insert into category_product (category_id,product_id) values (9,277);
insert into category_product (category_id,product_id) values (9,278);
insert into category_product (category_id,product_id) values (9,279);
insert into category_product (category_id,product_id) values (9,280);
insert into category_product (category_id,product_id) values (9,281);
insert into category_product (category_id,product_id) values (9,282);
insert into category_product (category_id,product_id) values (9,284);
insert into category_product (category_id,product_id) values (9,285);
insert into category_product (category_id,product_id) values (9,286);
insert into category_product (category_id,product_id) values (9,287);
insert into category_product (category_id,product_id) values (9,288);
insert into category_product (category_id,product_id) values (9,289);
insert into category_product (category_id,product_id) values (9,290);







insert into category_product (category_id,product_id) values (10,23);
insert into category_product (category_id,product_id) values (10,24);
insert into category_product (category_id,product_id) values (10,25);
insert into category_product (category_id,product_id) values (10,26);
insert into category_product (category_id,product_id) values (10,27);
insert into category_product (category_id,product_id) values (10,28);
insert into category_product (category_id,product_id) values (10,29);
insert into category_product (category_id,product_id) values (10,30);
insert into category_product (category_id,product_id) values (10,31);
insert into category_product (category_id,product_id) values (10,32);
insert into category_product (category_id,product_id) values (10,33);
insert into category_product (category_id,product_id) values (10,34);
insert into category_product (category_id,product_id) values (10,35);
insert into category_product (category_id,product_id) values (10,36);
insert into category_product (category_id,product_id) values (10,37);
insert into category_product (category_id,product_id) values (10,38);
insert into category_product (category_id,product_id) values (10,39);
insert into category_product (category_id,product_id) values (10,40);
insert into category_product (category_id,product_id) values (10,42);
insert into category_product (category_id,product_id) values (10,43);
insert into category_product (category_id,product_id) values (10,66);
insert into category_product (category_id,product_id) values (10,67);
insert into category_product (category_id,product_id) values (10,68);
insert into category_product (category_id,product_id) values (10,69);
insert into category_product (category_id,product_id) values (10,70);
insert into category_product (category_id,product_id) values (10,71);
insert into category_product (category_id,product_id) values (10,72);
insert into category_product (category_id,product_id) values (10,73);
insert into category_product (category_id,product_id) values (10,74);
insert into category_product (category_id,product_id) values (10,75);
insert into category_product (category_id,product_id) values (10,76);
insert into category_product (category_id,product_id) values (10,77);
insert into category_product (category_id,product_id) values (10,78);
insert into category_product (category_id,product_id) values (10,79);
insert into category_product (category_id,product_id) values (10,80);
insert into category_product (category_id,product_id) values (10,81);
insert into category_product (category_id,product_id) values (10,82);
insert into category_product (category_id,product_id) values (10,83);
insert into category_product (category_id,product_id) values (10,84);
insert into category_product (category_id,product_id) values (10,85);
insert into category_product (category_id,product_id) values (10,86);
insert into category_product (category_id,product_id) values (10,87);
insert into category_product (category_id,product_id) values (10,88);
insert into category_product (category_id,product_id) values (10,89);
insert into category_product (category_id,product_id) values (10,90);
insert into category_product (category_id,product_id) values (10,91);
insert into category_product (category_id,product_id) values (10,92);
insert into category_product (category_id,product_id) values (10,93);
insert into category_product (category_id,product_id) values (10,94);
insert into category_product (category_id,product_id) values (10,95);
insert into category_product (category_id,product_id) values (10,96);
insert into category_product (category_id,product_id) values (10,97);
insert into category_product (category_id,product_id) values (10,98);
insert into category_product (category_id,product_id) values (10,99);
insert into category_product (category_id,product_id) values (10,100);
insert into category_product (category_id,product_id) values (10,101);
insert into category_product (category_id,product_id) values (10,102);
insert into category_product (category_id,product_id) values (10,103);
insert into category_product (category_id,product_id) values (10,104);
insert into category_product (category_id,product_id) values (10,105);
insert into category_product (category_id,product_id) values (10,106);
insert into category_product (category_id,product_id) values (10,107);
insert into category_product (category_id,product_id) values (10,108);
insert into category_product (category_id,product_id) values (10,109);
insert into category_product (category_id,product_id) values (10,110);
insert into category_product (category_id,product_id) values (10,111);
insert into category_product (category_id,product_id) values (10,112);
insert into category_product (category_id,product_id) values (10,113);
insert into category_product (category_id,product_id) values (10,114);
insert into category_product (category_id,product_id) values (10,115);
insert into category_product (category_id,product_id) values (10,116);
insert into category_product (category_id,product_id) values (10,117);
insert into category_product (category_id,product_id) values (10,118);
insert into category_product (category_id,product_id) values (10,119);
insert into category_product (category_id,product_id) values (10,120);
insert into category_product (category_id,product_id) values (10,167);
insert into category_product (category_id,product_id) values (10,168);
insert into category_product (category_id,product_id) values (10,169);
insert into category_product (category_id,product_id) values (10,170);
insert into category_product (category_id,product_id) values (10,171);
insert into category_product (category_id,product_id) values (10,172);
insert into category_product (category_id,product_id) values (10,173);
insert into category_product (category_id,product_id) values (10,174);
insert into category_product (category_id,product_id) values (10,175);
insert into category_product (category_id,product_id) values (10,176);
insert into category_product (category_id,product_id) values (10,177);
insert into category_product (category_id,product_id) values (10,178);
insert into category_product (category_id,product_id) values (10,179);
insert into category_product (category_id,product_id) values (10,180);
insert into category_product (category_id,product_id) values (10,181);
insert into category_product (category_id,product_id) values (10,182);
insert into category_product (category_id,product_id) values (10,183);
insert into category_product (category_id,product_id) values (10,184);
insert into category_product (category_id,product_id) values (10,185);
insert into category_product (category_id,product_id) values (10,186);
insert into category_product (category_id,product_id) values (10,187);
insert into category_product (category_id,product_id) values (10,222);
insert into category_product (category_id,product_id) values (10,223);
insert into category_product (category_id,product_id) values (10,224);
insert into category_product (category_id,product_id) values (10,225);
insert into category_product (category_id,product_id) values (10,226);
insert into category_product (category_id,product_id) values (10,227);
insert into category_product (category_id,product_id) values (10,228);
insert into category_product (category_id,product_id) values (10,229);
insert into category_product (category_id,product_id) values (10,230);
insert into category_product (category_id,product_id) values (10,231);
insert into category_product (category_id,product_id) values (10,232);
insert into category_product (category_id,product_id) values (10,233);
insert into category_product (category_id,product_id) values (10,234);
insert into category_product (category_id,product_id) values (10,235);
insert into category_product (category_id,product_id) values (10,236);
insert into category_product (category_id,product_id) values (10,237);
insert into category_product (category_id,product_id) values (10,238);
insert into category_product (category_id,product_id) values (10,239);
insert into category_product (category_id,product_id) values (10,240);
insert into category_product (category_id,product_id) values (10,241);
insert into category_product (category_id,product_id) values (10,242);
insert into category_product (category_id,product_id) values (10,243);
insert into category_product (category_id,product_id) values (10,244);
insert into category_product (category_id,product_id) values (10,245);
insert into category_product (category_id,product_id) values (10,246);
insert into category_product (category_id,product_id) values (10,247);
insert into category_product (category_id,product_id) values (10,248);
insert into category_product (category_id,product_id) values (10,249);
insert into category_product (category_id,product_id) values (10,250);
insert into category_product (category_id,product_id) values (10,251);
insert into category_product (category_id,product_id) values (10,252);
insert into category_product (category_id,product_id) values (10,253);
insert into category_product (category_id,product_id) values (10,254);
insert into category_product (category_id,product_id) values (10,255);
insert into category_product (category_id,product_id) values (10,256);
insert into category_product (category_id,product_id) values (10,257);
insert into category_product (category_id,product_id) values (10,258);
insert into category_product (category_id,product_id) values (10,259);
insert into category_product (category_id,product_id) values (10,260);
insert into category_product (category_id,product_id) values (10,261);
insert into category_product (category_id,product_id) values (10,262);
insert into category_product (category_id,product_id) values (10,263);
insert into category_product (category_id,product_id) values (10,264);
insert into category_product (category_id,product_id) values (10,265);
insert into category_product (category_id,product_id) values (10,266);
insert into category_product (category_id,product_id) values (10,267);
insert into category_product (category_id,product_id) values (10,268);
insert into category_product (category_id,product_id) values (10,269);
insert into category_product (category_id,product_id) values (10,270);
insert into category_product (category_id,product_id) values (10,271);
insert into category_product (category_id,product_id) values (10,272);
insert into category_product (category_id,product_id) values (10,273);
insert into category_product (category_id,product_id) values (10,274);
insert into category_product (category_id,product_id) values (10,275);
insert into category_product (category_id,product_id) values (10,276);
insert into category_product (category_id,product_id) values (10,277);
insert into category_product (category_id,product_id) values (10,278);
insert into category_product (category_id,product_id) values (10,279);
insert into category_product (category_id,product_id) values (10,280);
insert into category_product (category_id,product_id) values (10,281);
insert into category_product (category_id,product_id) values (10,282);
insert into category_product (category_id,product_id) values (10,284);
insert into category_product (category_id,product_id) values (10,285);
insert into category_product (category_id,product_id) values (10,286);
insert into category_product (category_id,product_id) values (10,287);
insert into category_product (category_id,product_id) values (10,288);
insert into category_product (category_id,product_id) values (10,289);
insert into category_product (category_id,product_id) values (10,290);

insert into user (email,title,name,surname,password,role) values ( 'Aidan@products.com', 'Mr','Aidan', 'Dunne', 'password', 'admin' );
insert into user (email,title,name,surname,password,role) values ( 'Stephen@products.com','Mr','Stephen','Kelly', 'password', 'admin' );
insert into user (email,title,name,surname,password,role) values ( 'Jordan@products.com','Mr','Jordan','Gardner', 'password', 'admin' );
insert into user (email,title,name,surname,password,role,number, street1, town,county,post_code,country, num_of_orders,loyalty_points_earned ) values ( 'customer@products.com','Mr','Charlie','Customer','password', 'customer','0845678543', '32 Blue Street','West Tower','Dublin','27','Ireland', 0, 0);
insert into user (email,title,name,surname,password,role,number, street1, town,county,post_code,country, num_of_orders,loyalty_points_earned ) values ( 'customer2@products.com','Mr', 'John', 'Smith', 'password', 'customer','0863857395','49 Red Lane','Wayborn','Wicklow','21','Ireland',0, 0 );
insert into user (email,title,name,surname,password,role,number, street1, town,county,post_code,country, num_of_orders,loyalty_points_earned ) values ( 'customer3@products.com', 'Mr', 'Alice', 'Ryan', 'password', 'customer', '0834726863','97 Oakwood','Easthill','Cork','14','Ireland', 0, 0);


insert into forum_message (id, user_email,subject,message_content, likes, dislikes,message_date) values (1, 'customer@products.com', 'Delivery', 'How long does delivery normally take?', 1, 0, GETDATE());
insert into forum_message (id, user_email,subject,message_content, likes, dislikes,message_date) values (2,  'Stephen@products.com', 'Delivery', 'Your Order should be delivered within 5 working days.', 3,1, GETDATE());
insert into forum_message (id, user_email,subject,message_content, likes, dislikes,message_date) values (3,  'customer@products.com','Delivery', 'Thank you',0,0, GETDATE());
insert into forum_message (id, user_email,subject,message_content, likes, dislikes,message_date) values (4, 'customer2@products.com', 'Account details', 'How do i edit my address?', 1, 0, GETDATE());
insert into forum_message (id, user_email,subject,message_content, likes, dislikes,message_date) values (5,  'Jordan@products.com', 'Account details', 'Editing of your acount can be done on the account details page.', 2,0, GETDATE());
insert into forum_message (id, user_email,subject,message_content, likes, dislikes,message_date) values (6,  'customer3@products.com','Cavs vs Warriors', 'Anyone see the game?',0,0, GETDATE());

insert into Review(id,product_id,customer_email,description,stars,review_date) values
( 1,1,'customer@products.com','Great buy', 4, GETDATE());
insert into Review(id,product_id,customer_email,description,stars,review_date) values
( 2,1,'customer2@products.com','Great buy', 3, GETDATE());
insert into Review(id,product_id,customer_email,description,stars,review_date) values
( 3,1,'customer3@products.com','Great buy', 5, GETDATE());
insert into Review(id,product_id,customer_email,description,stars,review_date) values
( 4,2,'customer2@products.com','Great buy', 5, GETDATE());
insert into Review(id,product_id,customer_email,description,stars,review_date) values
( 5,2,'customer@products.com','Very high quality', 4, GETDATE());
insert into Review(id,product_id,customer_email,description,stars,review_date) values
( 6,3,'customer3@products.com','Great buy', 5, GETDATE());
insert into Review(id,product_id,customer_email,description,stars,review_date) values
( 7,3,'customer@products.com','Bargin', 3, GETDATE());
insert into Review(id,product_id,customer_email,description,stars,review_date) values
( 8,3,'customer@products.com','Might have to buy another one, great value for money', 4, GETDATE());
insert into Review(id,product_id,customer_email,description,stars,review_date) values
( 9,4,'customer3@products.com','Great buy', 5, GETDATE());
insert into Review(id,product_id,customer_email,description,stars,review_date) values
( 10,5,'customer@products.com','Great product and quick delivery', 4, GETDATE());
insert into Review(id,product_id,customer_email,description,stars,review_date) values
( 11,6,'customer@products.com','Got one for my brother, he loved it', 3, GETDATE());
insert into Review(id,product_id,customer_email,description,stars,review_date) values
( 12,6,'customer2@products.com','Great buy', 5, GETDATE());
insert into Review(id,product_id,customer_email,description,stars,review_date) values
( 13,7,'customer@products.com','JAS has the best products', 4, GETDATE());
insert into Review(id,product_id,customer_email,description,stars,review_date) values
( 14,7,'customer3@products.com','Great buy', 4, GETDATE());
insert into Review(id,product_id,customer_email,description,stars,review_date) values
( 15,8,'customer2@products.com','Great buy', 3, GETDATE());
insert into Review(id,product_id,customer_email,description,stars,review_date) values
( 16,9,'customer@products.com','Great buy', 5, GETDATE());
insert into Review(id,product_id,customer_email,description,stars,review_date) values
( 17,10,'customer@products.com','Great buy', 5, GETDATE());
insert into Review(id,product_id,customer_email,description,stars,review_date) values
( 18,10,'customer3@products.com','Great buy', 4, GETDATE());
insert into Review(id,product_id,customer_email,description,stars,review_date) values
( 19,10,'customer@products.com','Great buy', 5, GETDATE());
insert into Review(id,product_id,customer_email,description,stars,review_date) values
( 20,11,'customer3@products.com','Great buy', 3, GETDATE());
insert into Review(id,product_id,customer_email,description,stars,review_date) values
( 21,11,'customer@products.com','Great buy', 4, GETDATE());
insert into Review(id,product_id,customer_email,description,stars,review_date) values
( 22,12,'customer2@products.com','Great buy', 5, GETDATE());
insert into Review(id,product_id,customer_email,description,stars,review_date) values
( 27,11,'customer@products.com','Great buy', 3, GETDATE());
insert into Review(id,product_id,customer_email,description,stars,review_date) values
( 28,11,'customer2@products.com','Great buy', 4, GETDATE());
insert into Review(id,product_id,customer_email,description,stars,review_date) values
( 29,12,'customer3@products.com','Great buy', 5, GETDATE());

insert into payment_card( card_number,expiration_month,expiration_year,security_code,type,customer_email) values
( 371449635398431,12,2020, 453, 'Debit Card','customer@products.com');
